Player,Pos,Age,Tm,G,MP,PER,TS%,3PAr,FTr,ORB%,DRB%,TRB%,AST%,STL%,BLK%,TOV%,USG%,OWS,DWS,WS,WS/48,OBPM,DBPM,BPM,VORP
Alex Abrines,SG,24,OKC,69,1029,9.3,.572,.746,.146,2.5,9.2,5.7,3.6,1.7,0.7,8.1,13.0,1.2,0.9,2.1,.097,-0.5,-1.7,-2.2,-0.1
Quincy Acy,PF,27,BRK,63,1229,7.4,.506,.796,.173,3.2,17.4,10.2,6.1,1.1,1.5,14.3,14.3,-0.4,1.0,0.6,.023,-2.5,-0.2,-2.8,-0.2
Steven Adams,C,24,OKC,69,2249,21.3,.636,.003,.394,17.0,13.7,15.4,5.2,1.9,3.1,12.7,16.8,6.5,2.8,9.3,.198,2.5,1.2,3.7,3.2
Bam Adebayo,C,20,MIA,64,1293,15.7,.569,.022,.526,9.8,21.6,15.7,11.3,1.1,2.6,13.4,15.9,2.2,1.8,4.0,.148,-1.5,1.8,0.3,0.7
Arron Afflalo,SG,32,ORL,51,657,5.5,.508,.425,.170,0.7,10.5,5.6,6.1,0.3,1.1,11.3,12.4,-0.1,0.2,0.0,.002,-4.2,-1.8,-6.0,-0.7
Cole Aldrich,C,29,MIN,19,46,5.1,.340,.000,.400,7.5,25.4,16.4,5.8,2.2,1.9,5.4,17.9,-0.1,0.1,0.0,-0.032,-7.4,-0.6,-8.1,-0.1
LaMarcus Aldridge,C,32,SAS,68,2265,24.8,.570,.071,.304,10.8,16.9,13.8,11.5,0.8,2.9,6.9,29.2,6.6,3.3,9.9,.210,2.9,0.2,3.2,3.0
Jarrett Allen,C,19,BRK,65,1272,17.7,.632,.037,.374,11.3,18.0,14.6,5.8,1.0,4.0,15.0,16.6,2.5,1.3,3.8,.142,-1.0,1.2,0.2,0.7
Kadeem Allen,PG,25,BOS,11,32,-0.1,.322,.500,.667,3.5,10.1,6.8,8.2,1.6,0.0,27.9,15.0,-0.1,0.0,-0.1,-0.099,-8.9,0.0,-8.9,-0.1
Tony Allen,SF,36,NOP,22,273,8.7,.514,.132,.231,8.2,10.4,9.4,4.6,1.9,0.9,15.9,18.9,-0.2,0.2,0.1,.014,-3.9,-1.3,-5.2,-0.2
Al-Farouq Aminu,PF,27,POR,62,1865,12.2,.530,.583,.141,5.0,22.1,13.6,5.8,1.8,1.6,10.7,14.7,1.1,2.8,4.0,.102,-0.5,1.7,1.2,1.5
Justin Anderson,SF,24,PHI,33,464,11.8,.529,.494,.172,4.8,13.3,9.2,7.4,1.4,0.9,7.0,18.5,0.4,0.6,1.0,.101,-1.0,-1.4,-2.4,0.0
Kyle Anderson,SF,24,SAS,67,1795,15.6,.577,.123,.333,4.9,18.4,11.6,14.8,2.9,2.4,16.7,13.7,1.9,3.6,5.5,.147,-0.5,4.5,3.9,2.7
Ryan Anderson,PF,29,HOU,63,1685,12.7,.593,.708,.189,6.2,15.3,10.8,5.1,0.7,1.1,7.7,14.6,3.0,1.6,4.7,.133,1.2,-0.7,0.5,1.0
Ike Anigbogu,C,19,IND,10,28,23.1,.558,.000,.667,20.3,16.0,18.1,0.0,1.8,9.5,14.7,21.7,0.1,0.1,0.1,.178,-4.1,-1.3,-5.4,0.0
Giannis Antetokounmpo,PF,23,MIL,69,2552,27.8,.602,.099,.468,6.7,25.1,16.0,23.7,2.0,3.4,11.5,31.3,8.1,3.4,11.5,.216,4.2,2.0,6.2,5.3
Carmelo Anthony,PF,33,OKC,71,2283,12.7,.502,.399,.166,2.7,17.9,10.1,6.4,0.9,1.8,7.5,23.5,0.9,2.3,3.3,.069,-2.1,-2.0,-4.0,-1.2
OG Anunoby,SF,20,TOR,67,1338,9.6,.571,.564,.176,3.2,9.9,6.6,5.3,1.8,0.7,10.9,12.3,1.0,1.4,2.5,.089,-0.1,0.4,0.3,0.8
Ryan Arcidiacono,PG,23,CHI,16,148,7.1,.563,.875,.250,0.0,6.8,3.3,13.4,2.0,0.0,14.5,6.1,0.1,0.1,0.2,.062,-2.9,-1.2,-4.1,-0.1
Trevor Ariza,SF,32,HOU,62,2119,12.1,.579,.719,.141,1.8,13.0,7.4,6.8,2.1,0.5,7.4,14.4,2.7,2.6,5.3,.120,1.2,0.7,1.9,2.1
Player,Pos,Age,Tm,G,MP,PER,TS%,3PAr,FTr,ORB%,DRB%,TRB%,AST%,STL%,BLK%,TOV%,USG%,OWS,DWS,WS,WS/48,OBPM,DBPM,BPM,VORP
Darrell Arthur,PF,29,DEN,19,141,8.4,.559,.489,.064,2.4,9.6,6.0,9.3,2.8,1.8,23.7,19.5,-0.2,0.1,0.0,-0.011,-3.5,-1.0,-4.5,-0.1
Jamel Artis,SG,25,ORL,8,97,3.3,.267,.304,.130,2.3,11.5,6.9,15.1,0.0,0.8,0.0,11.0,-0.1,0.0,-0.1,-0.052,-6.2,-1.9,-8.1,-0.1
Omer Asik,C,31,NOP,14,121,4.5,.423,.000,.750,6.5,26.1,16.6,2.0,0.4,1.3,19.0,9.4,-0.1,0.1,0.0,.005,-7.4,-0.8,-8.2,-0.2
D.J. Augustin,PG,30,ORL,67,1572,15.2,.618,.525,.373,1.8,8.0,4.9,24.3,1.6,0.0,16.7,18.2,3.0,0.6,3.6,.110,1.7,-2.5,-0.9,0.5
Luke Babbitt,SF,28,TOT,48,683,10.4,.596,.712,.107,1.0,14.2,7.6,6.4,0.6,0.9,8.1,15.1,0.7,0.3,1.0,.068,-0.7,-2.3,-3.0,-0.2
Luke Babbitt,SF,28,ATL,37,570,12.0,.636,.661,.131,1.0,15.1,8.0,7.0,0.6,0.8,7.8,14.8,0.9,0.2,1.1,.092,0.1,-2.2,-2.1,0.0
Luke Babbitt,SF,28,MIA,11,113,2.5,.405,.946,.000,1.0,10.0,5.5,3.7,0.4,1.5,9.8,16.3,-0.2,0.1,-0.1,-0.054,-4.7,-2.7,-7.5,-0.2
Dwayne Bacon,SG,22,CHO,52,695,6.0,.434,.226,.134,0.6,19.1,9.7,7.3,1.1,0.2,10.0,13.7,-0.6,0.6,0.0,-0.003,-5.5,-0.3,-5.8,-0.7
Ron Baker,SG,24,NYK,29,385,9.3,.504,.559,.441,1.5,7.2,4.3,15.5,3.3,1.4,20.4,10.0,0.1,0.4,0.5,.060,-1.8,1.0,-0.9,0.1
Wade Baldwin,PG,21,POR,2,24,25.3,.803,.167,1.500,0.0,22.6,11.4,13.7,0.0,0.0,9.1,20.1,0.1,0.0,0.2,.303,3.7,-2.4,1.3,0.0
Lonzo Ball,PG,20,LAL,52,1780,12.5,.444,.523,.126,4.1,17.4,10.8,28.9,2.4,2.0,18.6,17.4,-0.5,2.5,2.0,.053,-0.9,2.5,1.6,1.6
J.J. Barea,PG,33,DAL,67,1573,17.6,.542,.456,.151,1.0,13.3,7.0,44.8,1.1,0.2,16.3,24.9,2.1,1.0,3.1,.096,2.3,-2.3,0.0,0.8
Harrison Barnes,PF,25,DAL,72,2456,16.0,.541,.269,.264,3.3,17.6,10.2,9.9,1.0,0.5,8.2,25.1,1.9,1.9,3.8,.074,-0.7,-1.3,-1.9,0.0
Will Barton,SG,27,DEN,74,2412,15.8,.557,.412,.212,2.9,14.0,8.4,18.6,1.6,1.7,12.1,20.6,3.5,1.7,5.2,.104,1.3,-0.6,0.7,1.7
Nicolas Batum,SG,29,CHO,58,1836,14.5,.523,.421,.194,2.9,13.9,8.3,26.0,1.7,1.0,14.8,18.2,1.6,1.7,3.4,.088,0.9,0.6,1.5,1.6
Jerryd Bayless,SG,29,PHI,39,925,7.6,.546,.557,.168,1.8,7.3,4.7,8.2,1.2,0.5,14.1,15.1,0.2,0.9,1.0,.054,-1.7,-1.0,-2.7,-0.2
Aron Baynes,C,31,BOS,74,1342,11.5,.504,.031,.198,9.1,22.6,16.0,9.2,0.7,2.9,15.1,16.4,0.3,2.4,2.7,.095,-4.2,2.3,-1.9,0.0
Kent Bazemore,SG,28,ATL,65,1789,14.5,.547,.405,.297,1.6,14.1,7.8,20.1,2.7,2.2,17.0,22.6,0.2,1.9,2.1,.057,-0.6,1.0,0.3,1.1
Bradley Beal,SG,24,WAS,74,2689,18.8,.566,.354,.248,2.4,11.3,6.9,21.4,1.6,1.1,11.5,27.8,4.2,2.3,6.5,.116,2.9,-1.0,1.9,2.6
Malik Beasley,SG,21,DEN,60,579,8.8,.503,.458,.164,2.7,11.2,6.9,7.5,1.3,1.0,11.2,16.0,0.0,0.3,0.3,.023,-2.9,-2.4,-5.3,-0.5
Michael Beasley,PF,29,NYK,69,1553,17.3,.553,.099,.199,6.5,21.6,14.1,12.2,1.0,2.2,14.2,26.6,0.7,1.4,2.1,.064,-1.3,-0.5,-1.9,0.1
Marco Belinelli,SG,31,TOT,72,1722,13.7,.574,.509,.220,1.2,7.2,4.2,11.6,1.6,0.4,9.5,20.2,2.1,0.9,3.0,.084,0.5,-2.3,-1.8,0.1
Marco Belinelli,SG,31,ATL,52,1210,14.1,.555,.510,.225,1.2,8.0,4.6,13.5,1.9,0.2,9.2,21.2,1.3,0.5,1.8,.073,0.6,-2.4,-1.8,0.1
Marco Belinelli,SG,31,PHI,20,512,12.5,.626,.506,.205,1.1,5.1,3.2,7.1,0.8,1.0,10.3,17.9,0.8,0.4,1.2,.110,0.4,-2.2,-1.8,0.0
Player,Pos,Age,Tm,G,MP,PER,TS%,3PAr,FTr,ORB%,DRB%,TRB%,AST%,STL%,BLK%,TOV%,USG%,OWS,DWS,WS,WS/48,OBPM,DBPM,BPM,VORP
Jordan Bell,C,23,GSW,49,723,18.4,.646,.018,.255,9.2,18.7,14.3,17.2,2.1,5.8,19.3,13.8,1.5,1.3,2.8,.187,0.4,4.0,4.4,1.2
DeAndre' Bembry,SF,23,ATL,21,364,5.7,.460,.238,.248,2.5,14.9,8.7,12.5,1.7,2.4,25.3,18.0,-0.8,0.3,-0.5,-0.071,-6.8,0.8,-6.0,-0.4
Dragan Bender,PF,20,PHO,76,1882,6.3,.504,.665,.101,1.9,15.9,8.7,9.1,0.6,2.0,18.7,12.6,-1.1,0.6,-0.5,-0.012,-3.2,0.0,-3.2,-0.6
Davis Bertans,PF,25,SAS,71,1051,14.0,.586,.687,.138,1.9,14.0,7.9,9.9,1.2,2.1,8.5,17.5,1.5,1.5,3.0,.136,1.1,-0.1,1.0,0.8
Patrick Beverley,SG,29,LAC,11,334,12.2,.530,.504,.143,5.4,9.4,7.4,13.8,2.6,1.3,16.5,19.6,0.1,0.3,0.4,.058,0.3,0.4,0.7,0.2
Khem Birch,C,25,ORL,34,416,13.3,.530,.000,.372,13.8,19.6,16.7,7.5,1.3,2.5,15.2,12.5,0.5,0.4,0.9,.099,-2.3,1.1,-1.3,0.1
Jabari Bird,SG,23,BOS,7,35,4.6,.403,.500,1.250,6.4,6.2,6.3,3.7,1.4,0.0,13.9,9.2,0.0,0.0,0.0,.038,-4.5,0.0,-4.5,0.0
Bismack Biyombo,C,25,ORL,74,1367,13.7,.560,.003,.469,10.3,24.0,17.1,6.0,0.6,5.2,17.7,14.4,1.0,1.5,2.5,.087,-3.8,2.0,-1.8,0.1
Nemanja Bjelica,PF,29,MIN,61,1225,13.1,.604,.491,.129,4.1,19.5,11.8,8.8,1.7,0.9,12.0,14.5,1.7,0.9,2.7,.104,0.9,-0.3,0.6,0.8
Tarik Black,C,26,HOU,45,457,14.4,.584,.071,.473,14.5,19.3,16.9,3.6,2.0,4.6,19.1,16.1,0.5,0.8,1.3,.136,-2.7,1.9,-0.9,0.1
Antonio Blakeney,SG,21,CHI,19,314,10.1,.471,.364,.273,1.3,10.3,5.6,10.1,1.1,0.3,6.4,23.8,-0.2,0.1,-0.1,-0.008,-3.3,-3.7,-6.9,-0.4
Eric Bledsoe,PG,28,TOT,66,2065,18.5,.564,.365,.331,2.7,11.7,7.2,24.8,3.2,1.6,16.5,26.5,1.7,2.2,3.9,.092,1.5,-0.2,1.2,1.7
Eric Bledsoe,PG,28,PHO,3,83,13.0,.509,.325,.350,3.8,5.3,4.5,17.9,2.3,1.9,17.8,28.6,-0.1,0.0,-0.1,-0.030,-2.5,-2.5,-5.0,-0.1
Eric Bledsoe,PG,28,MIL,63,1982,18.7,.566,.367,.330,2.6,12.0,7.3,25.1,3.2,1.6,16.5,26.4,1.8,2.2,4.0,.097,1.6,-0.2,1.5,1.7
Vander Blue,SG,25,LAL,5,45,-1.8,.255,.400,.400,0.0,2.4,1.2,8.1,1.1,0.0,33.8,8.3,-0.1,0.0,-0.1,-0.102,-8.7,-1.3,-10.0,-0.1
Bogdan Bogdanovic,SG,25,SAC,71,1956,13.6,.558,.425,.164,1.5,10.7,5.9,18.4,1.7,0.8,13.1,19.5,1.7,0.8,2.5,.062,0.5,-1.6,-1.0,0.5
Bojan Bogdanovic,SF,28,IND,74,2284,13.9,.602,.453,.241,1.4,11.0,6.3,7.4,1.2,0.2,10.2,18.8,3.4,1.6,5.0,.105,1.1,-1.7,-0.6,0.8
Andrew Bogut,C,33,LAL,23,216,10.8,.696,.000,.080,12.9,25.6,19.2,9.1,0.9,4.9,42.3,8.8,0.1,0.3,0.4,.093,-3.7,3.6,-0.1,0.1
Joel Bolomboy,PF,24,MIL,6,38,11.7,.521,.167,1.000,18.7,12.3,15.5,0.0,2.6,0.0,18.8,12.7,0.0,0.0,0.1,.080,-3.1,-4.6,-7.7,-0.1
Devin Booker,SG,21,PHO,54,1865,18.1,.561,.364,.312,1.5,12.8,7.0,24.5,1.2,0.6,13.9,31.6,1.9,0.5,2.4,.062,2.9,-2.5,0.4,1.1
Trevor Booker,PF,30,TOT,62,1065,14.6,.560,.090,.272,10.7,18.8,14.8,10.9,1.2,1.5,14.0,16.5,1.4,1.2,2.6,.116,-1.2,0.6,-0.6,0.4
Trevor Booker,PF,30,BRK,18,395,15.5,.536,.080,.287,10.1,22.0,16.0,16.2,1.0,0.9,15.1,21.8,0.3,0.3,0.6,.071,-1.6,0.2,-1.4,0.1
Trevor Booker,PF,30,PHI,33,494,14.6,.618,.064,.358,10.7,15.9,13.4,7.7,1.6,1.8,13.7,12.7,1.0,0.7,1.7,.161,-0.7,1.3,0.6,0.3
Trevor Booker,PF,30,IND,11,176,12.6,.497,.170,.057,12.3,19.7,16.0,8.0,0.6,2.0,11.4,15.5,0.1,0.2,0.3,.088,-2.0,-0.4,-2.4,0.0
Chris Boucher,PF,25,GSW,1,1,-28.5,.000,1.000,.000,0.0,100.0,55.9,0.0,0.0,0.0,0.0,43.9,0.0,0.0,0.0,-0.888,-38.9,-20.0,-58.9,0.0
Player,Pos,Age,Tm,G,MP,PER,TS%,3PAr,FTr,ORB%,DRB%,TRB%,AST%,STL%,BLK%,TOV%,USG%,OWS,DWS,WS,WS/48,OBPM,DBPM,BPM,VORP
Avery Bradley,SG,27,TOT,46,1433,9.7,.496,.325,.131,1.7,7.3,4.5,10.4,1.8,0.5,13.3,23.5,-1.4,1.3,-0.2,-0.005,-2.8,-1.3,-4.2,-0.8
Avery Bradley,SG,27,DET,40,1268,9.7,.497,.340,.140,1.6,6.7,4.1,10.5,1.8,0.5,13.3,24.3,-1.4,1.2,-0.2,-0.008,-2.8,-1.4,-4.2,-0.7
Avery Bradley,SG,27,LAC,6,165,8.9,.492,.164,.036,2.0,12.4,7.3,9.8,1.5,0.5,12.5,16.7,-0.1,0.1,0.0,.013,-3.5,-0.6,-4.1,-0.1
Tony Bradley,C,20,UTA,9,29,9.5,.337,.091,.182,15.8,27.2,21.5,5.0,0.0,0.0,0.0,18.5,0.0,0.0,0.0,.029,-6.7,-3.1,-9.7,-0.1
Corey Brewer,SF,31,TOT,65,1005,10.5,.537,.319,.304,3.1,10.5,6.8,7.4,3.0,1.2,13.6,14.3,0.4,1.3,1.7,.081,-2.3,0.9,-1.4,0.1
Corey Brewer,SF,31,LAL,54,694,8.9,.509,.250,.297,3.5,10.7,7.1,8.1,2.8,0.9,16.3,14.2,-0.2,0.9,0.7,.047,-3.6,0.9,-2.7,-0.1
Corey Brewer,SF,31,OKC,11,311,14.2,.594,.459,.318,2.1,10.0,5.9,5.9,3.5,1.8,7.6,14.5,0.5,0.5,1.0,.156,0.4,1.1,1.5,0.3
Malcolm Brogdon,PG,25,MIL,46,1404,14.3,.579,.319,.174,1.9,10.8,6.4,16.4,1.5,0.8,11.0,19.1,2.0,0.8,2.7,.093,0.6,-1.8,-1.2,0.3
Aaron Brooks,PG,33,MIN,30,172,10.0,.517,.439,.158,4.0,6.1,5.1,14.7,1.7,0.0,12.9,18.0,0.1,0.1,0.1,.042,-0.6,-3.3,-3.9,-0.1
Dillon Brooks,SF,22,MEM,75,2140,8.8,.528,.344,.195,2.3,10.0,6.1,8.3,1.5,0.7,13.0,17.5,-0.2,1.1,0.9,.020,-2.2,-1.2,-3.4,-0.7
MarShon Brooks,SG,29,MEM,1,21,40.9,.815,.417,.167,5.4,0.0,2.8,22.4,2.4,4.5,7.2,29.8,0.1,0.0,0.2,.371,14.2,-3.3,10.9,0.1
Bobby Brown,PG,33,HOU,20,115,5.4,.425,.690,.034,0.0,6.8,3.4,14.8,1.7,0.0,13.3,26.0,-0.3,0.1,-0.2,-0.079,-5.0,-4.2,-9.2,-0.2
Jaylen Brown,SF,21,BOS,64,1967,13.4,.557,.384,.289,3.7,14.5,9.2,8.7,1.6,1.0,12.0,21.1,1.1,3.1,4.1,.101,-0.7,0.6,-0.1,1.0
Lorenzo Brown,PG,27,TOR,13,114,6.6,.406,.320,.080,0.0,9.7,4.9,13.6,1.7,0.0,7.2,10.7,0.0,0.1,0.1,.040,-3.8,-0.4,-4.2,-0.1
Markel Brown,SG,26,HOU,4,31,-1.3,.357,.714,.000,3.7,14.4,9.1,8.6,0.0,0.0,22.2,12.8,-0.1,0.0,0.0,-0.062,-6.6,-1.7,-8.3,0.0
Sterling Brown,SG,22,MIL,48,701,10.0,.521,.439,.118,4.2,17.9,11.1,4.3,2.2,1.3,10.5,14.2,0.1,0.7,0.8,.055,-2.7,-0.9,-3.6,-0.3
Nicolas Brussino,SF,24,ATL,4,10,-4.6,.000,1.000,.000,0.0,33.9,16.9,0.0,0.0,0.0,0.0,8.8,0.0,0.0,0.0,-0.182,-13.8,-4.9,-18.7,0.0
Thomas Bryant,C,20,LAL,11,34,7.7,.473,.556,.667,3.1,15.6,9.4,7.8,0.0,0.0,7.9,15.7,0.0,0.0,0.0,.037,-3.8,-3.3,-7.1,0.0
Reggie Bullock,SF,26,DET,58,1603,13.7,.619,.519,.091,1.5,8.3,4.8,8.4,1.4,0.7,7.8,15.6,2.6,1.4,4.0,.120,1.3,-0.6,0.7,1.1
Trey Burke,PG,25,NYK,30,578,23.1,.580,.258,.139,2.1,8.0,5.1,37.3,1.5,0.6,9.3,26.7,1.7,0.3,2.0,.165,5.3,-3.2,2.0,0.6
Alec Burks,SG,26,UTA,60,1012,13.3,.526,.335,.307,2.0,18.3,10.2,10.0,1.8,0.7,11.1,22.6,0.2,1.5,1.8,.083,-2.6,-0.3,-2.9,-0.2
Jimmy Butler,SG,28,MIN,56,2077,23.4,.589,.220,.446,4.2,12.9,8.5,20.6,2.6,1.0,8.9,24.6,6.8,1.6,8.4,.194,4.8,0.0,4.8,3.6
Dwight Buycks,PG,28,DET,29,427,12.8,.498,.227,.207,3.0,7.7,5.3,22.5,2.2,0.4,15.3,26.4,-0.2,0.4,0.2,.028,-2.5,-1.7,-4.2,-0.2
Bruno Caboclo,SF,22,TOT,9,79,8.7,.369,.583,.167,8.3,15.0,11.5,8.6,1.9,3.6,7.2,15.7,-0.1,0.1,0.0,-0.002,-3.4,0.2,-3.1,0.0
Bruno Caboclo,SF,22,TOR,2,7,-0.1,.000,1.000,.000,0.0,15.8,8.0,16.7,7.0,0.0,0.0,12.5,0.0,0.0,0.0,-0.113,-6.8,4.3,-2.5,0.0
Bruno Caboclo,SF,22,SAC,7,72,9.5,.400,.545,.182,9.1,14.9,11.9,7.8,1.4,4.0,7.8,16.1,0.0,0.1,0.0,.009,-3.0,-0.2,-3.2,0.0
Player,Pos,Age,Tm,G,MP,PER,TS%,3PAr,FTr,ORB%,DRB%,TRB%,AST%,STL%,BLK%,TOV%,USG%,OWS,DWS,WS,WS/48,OBPM,DBPM,BPM,VORP
Jose Calderon,PG,36,CLE,52,826,10.8,.638,.513,.175,1.7,8.4,5.1,17.9,1.5,0.1,18.5,11.3,1.3,0.3,1.5,.089,-0.2,-2.0,-2.2,-0.1
Kentavious Caldwell-Pope,SG,24,LAL,66,2243,13.2,.563,.527,.240,2.7,14.5,8.6,9.1,2.1,0.5,9.9,16.8,2.4,2.5,4.9,.104,0.6,0.4,1.1,1.7
Isaiah Canaan,PG-SG,26,TOT,20,422,13.5,.539,.482,.372,1.5,10.1,5.7,26.8,1.8,0.2,15.4,18.9,0.5,0.1,0.6,.071,0.1,-2.5,-2.5,0.0
Isaiah Canaan,SG,26,HOU,1,4,-7.3,.000,.000,.000,0.0,28.0,14.1,0.0,0.0,0.0,0.0,11.0,0.0,0.0,0.0,-0.222,-17.2,-3.9,-21.1,0.0
Isaiah Canaan,PG,26,PHO,19,418,13.7,.543,.485,.375,1.5,9.9,5.6,27.0,1.8,0.2,15.5,19.0,0.5,0.1,0.6,.073,0.3,-2.5,-2.3,0.0
Clint Capela,C,23,HOU,68,1866,24.7,.652,.002,.380,13.7,31.2,22.5,5.8,1.4,5.8,11.9,19.6,5.7,3.7,9.4,.243,0.2,3.0,3.1,2.4
DeMarre Carroll,SF,31,BRK,70,2099,14.8,.556,.496,.317,5.1,18.8,11.9,10.6,1.3,1.1,10.1,19.8,2.6,1.7,4.3,.099,0.7,-0.2,0.5,1.3
Vince Carter,SF,41,SAC,51,901,11.0,.524,.582,.124,1.8,14.2,7.7,9.4,2.3,2.6,10.6,14.6,0.2,0.8,1.0,.054,-1.4,0.5,-0.9,0.2
Michael Carter-Williams,PG,26,CHO,52,835,10.8,.446,.258,.389,4.7,13.4,8.9,19.4,2.6,2.3,16.2,16.6,-0.2,1.1,0.9,.050,-2.7,2.0,-0.7,0.3
Alex Caruso,PG,23,LAL,29,381,8.1,.495,.356,.274,2.2,8.4,5.3,17.5,2.0,1.9,24.1,12.0,-0.1,0.4,0.3,.036,-4.0,0.5,-3.6,-0.1
Omri Casspi,SF,29,GSW,53,740,15.5,.632,.106,.333,4.9,23.9,15.1,9.5,1.2,2.0,13.5,16.3,1.2,1.0,2.2,.144,-1.4,0.2,-1.3,0.1
Willie Cauley-Stein,C,24,SAC,66,1835,16.9,.519,.018,.328,7.1,21.5,14.0,13.1,2.0,3.1,11.2,21.4,1.2,1.9,3.0,.079,-1.7,1.6,-0.1,0.9
Tyler Cavanaugh,PF,23,ATL,38,509,13.0,.577,.593,.145,9.5,17.8,13.6,8.0,0.9,0.7,8.3,14.5,0.9,0.3,1.2,.110,0.7,-1.5,-0.8,0.2
Mario Chalmers,PG,31,MEM,62,1353,10.1,.500,.424,.298,1.1,12.0,6.4,21.7,2.8,0.8,18.8,19.5,-0.7,1.3,0.6,.022,-2.4,-0.4,-2.8,-0.3
Tyson Chandler,C,35,PHO,46,1151,14.2,.657,.000,.503,12.1,27.0,19.4,6.7,0.7,1.9,20.5,10.6,1.8,0.8,2.6,.109,-1.4,0.9,-0.4,0.5
Wilson Chandler,SF,30,DEN,68,2146,11.3,.547,.388,.187,5.1,13.8,9.4,9.8,0.9,1.4,12.2,14.6,2.0,1.0,3.1,.069,-0.3,-0.5,-0.9,0.6
Marquese Chriss,PF,20,PHO,68,1410,10.6,.500,.418,.327,5.1,22.1,13.4,8.2,1.6,3.7,16.3,17.7,-0.8,1.3,0.5,.017,-3.4,1.2,-2.2,-0.1
Ian Clark,SG,26,NOP,69,1345,8.8,.519,.391,.127,0.8,8.5,4.8,10.2,1.0,0.6,10.1,17.2,0.0,0.7,0.7,.025,-2.3,-2.0,-4.3,-0.8
Jordan Clarkson,SG,25,TOT,74,1746,16.5,.541,.340,.199,3.4,9.3,6.4,19.8,1.4,0.2,10.9,26.5,1.8,1.1,2.9,.080,0.9,-2.7,-1.7,0.1
Jordan Clarkson,SG,25,LAL,53,1256,16.9,.532,.315,.198,3.7,9.7,6.7,22.7,1.5,0.2,11.6,27.6,1.1,1.0,2.1,.080,0.9,-2.3,-1.3,0.2
Jordan Clarkson,SG,25,CLE,21,490,15.6,.569,.416,.204,2.6,8.3,5.5,12.2,1.3,0.3,8.7,23.8,0.7,0.1,0.8,.080,0.9,-3.7,-2.8,-0.1
Gian Clavell,SG,24,DAL,7,64,7.4,.530,.833,.111,1.7,10.7,6.1,6.7,1.6,0.0,9.6,14.8,0.0,0.0,0.1,.043,-1.7,-1.9,-3.5,0.0
Antonius Cleveland,SG,23,DAL,13,81,5.1,.317,.071,.286,2.7,11.3,6.9,3.3,3.7,4.4,11.3,10.0,-0.1,0.1,0.0,-0.004,-7.5,4.5,-3.0,0.0
John Collins,PF,20,ATL,67,1568,18.7,.629,.062,.346,11.7,22.7,17.2,7.6,1.3,4.0,14.1,18.1,3.2,1.7,4.9,.151,-0.2,1.5,1.4,1.3
Player,Pos,Age,Tm,G,MP,PER,TS%,3PAr,FTr,ORB%,DRB%,TRB%,AST%,STL%,BLK%,TOV%,USG%,OWS,DWS,WS,WS/48,OBPM,DBPM,BPM,VORP
Zach Collins,C,20,POR,59,916,7.7,.481,.387,.149,4.9,18.4,11.8,6.8,0.9,2.5,16.4,15.2,-0.5,1.2,0.6,.032,-4.0,1.0,-3.0,-0.2
Kyle Collinsworth,SF,26,DAL,27,371,9.5,.439,.191,.471,7.3,17.9,12.5,14.2,2.0,1.4,18.0,12.3,0.0,0.4,0.4,.050,-4.0,2.2,-1.7,0.0
Darren Collison,PG,30,IND,62,1840,18.8,.608,.326,.234,2.2,7.7,5.0,26.2,2.3,0.7,10.9,17.4,5.2,1.7,6.9,.181,3.1,-0.9,2.2,2.0
Nick Collison,PF,37,OKC,13,72,13.8,.666,.000,.421,9.0,20.8,14.7,8.6,0.0,0.0,23.7,17.7,0.1,0.1,0.1,.081,-3.2,-2.8,-6.0,-0.1
Mike Conley,PG,30,MEM,12,373,15.5,.520,.458,.393,0.0,8.6,4.2,22.4,1.6,0.8,8.4,26.0,0.4,0.2,0.6,.080,1.1,-3.4,-2.2,0.0
Pat Connaughton,SG,25,POR,75,1368,9.2,.531,.537,.117,2.5,9.0,5.8,8.9,0.7,1.2,9.4,13.7,1.0,1.1,2.1,.075,-1.0,-0.6,-1.6,0.1
Quinn Cook,PG,24,GSW,25,466,10.9,.547,.393,.098,1.6,10.3,6.2,15.8,0.7,0.2,11.5,18.1,0.4,0.3,0.7,.068,-1.1,-2.9,-4.0,-0.2
Charles Cooke,SG,23,NOP,11,34,-3.4,.233,.583,.167,0.0,6.2,3.2,3.6,1.4,0.0,7.2,17.7,-0.2,0.0,-0.1,-0.208,-9.9,-3.6,-13.4,-0.1
Jack Cooley,PF,26,SAC,2,10,47.7,.635,.000,.286,32.7,11.9,22.8,49.0,0.0,0.0,0.0,35.4,0.1,0.0,0.1,.518,22.7,0.0,22.7,0.1
Matt Costello,C,24,SAS,4,32,9.7,.500,.000,.000,3.5,27.8,15.6,8.3,3.2,5.2,20.0,7.0,0.0,0.1,0.1,.130,-5.0,6.7,1.7,0.0
DeMarcus Cousins,C,27,NOP,48,1737,22.7,.583,.340,.456,6.8,31.1,19.3,23.2,2.2,3.5,18.9,31.9,1.5,3.1,4.6,.127,2.0,3.5,5.6,3.3
Robert Covington,PF,27,PHI,72,2292,12.7,.569,.659,.169,2.5,15.3,9.1,8.6,2.4,2.1,12.5,17.3,1.6,3.7,5.4,.112,0.5,1.7,2.2,2.4
Allen Crabbe,SG,25,BRK,69,2030,11.2,.541,.636,.148,1.3,14.3,7.8,8.1,1.0,1.1,8.3,18.7,1.0,1.2,2.3,.054,-0.2,-1.1,-1.3,0.3
Torrey Craig,SF,27,DEN,32,515,10.9,.563,.385,.299,6.8,16.1,11.4,5.6,0.9,1.3,8.9,12.3,0.7,0.3,0.9,.088,-1.0,-1.4,-2.5,-0.1
Jamal Crawford,SG,37,MIN,74,1508,13.5,.526,.429,.160,1.4,5.3,3.3,17.2,1.2,0.5,10.7,24.1,1.1,0.3,1.3,.043,0.3,-4.3,-3.9,-0.7
Jordan Crawford,SG,29,NOP,2,37,15.7,.643,.357,.000,6.1,2.8,4.4,35.7,0.0,2.2,22.2,21.1,0.1,0.0,0.1,.123,1.3,-4.7,-3.4,0.0
Jae Crowder,SF,27,TOT,73,1934,10.4,.534,.499,.230,3.1,11.6,7.4,6.8,1.4,0.8,9.3,16.8,1.1,1.3,2.4,.060,-0.8,-1.1,-1.9,0.1
Jae Crowder,SF,27,CLE,53,1346,10.2,.545,.503,.245,3.5,10.8,7.2,6.0,1.5,0.8,9.2,15.1,1.0,0.6,1.6,.058,-0.6,-1.3,-1.9,0.0
Jae Crowder,SF,27,UTA,20,588,11.0,.516,.493,.206,2.3,13.2,7.8,8.9,1.2,0.9,9.7,20.6,0.1,0.7,0.8,.063,-1.3,-0.6,-1.9,0.0
Dante Cunningham,SF,30,TOT,67,1446,9.6,.540,.465,.151,5.3,14.6,10.0,4.0,1.2,1.4,8.0,11.3,1.0,1.2,2.1,.071,-1.5,0.0,-1.5,0.2
Dante Cunningham,SF,30,NOP,51,1115,8.5,.525,.480,.160,5.0,13.5,9.4,3.0,1.2,1.1,6.2,10.0,0.7,0.9,1.5,.065,-1.6,-0.2,-1.8,0.1
Dante Cunningham,SF,30,BRK,16,331,13.5,.572,.430,.130,6.0,18.2,12.0,7.5,1.5,2.0,11.7,15.6,0.3,0.3,0.6,.089,-1.1,0.4,-0.6,0.1
Stephen Curry,PG,29,GSW,51,1631,28.2,.675,.580,.350,2.7,14.4,8.9,30.2,2.4,0.4,13.3,30.9,7.2,2.0,9.2,.271,9.8,-1.2,8.6,4.4
Troy Daniels,SG,26,PHO,75,1547,9.9,.584,.798,.116,0.7,7.8,4.2,4.6,0.7,0.3,8.4,17.3,1.4,0.0,1.4,.043,0.7,-3.7,-3.0,-0.4
Player,Pos,Age,Tm,G,MP,PER,TS%,3PAr,FTr,ORB%,DRB%,TRB%,AST%,STL%,BLK%,TOV%,USG%,OWS,DWS,WS,WS/48,OBPM,DBPM,BPM,VORP
Anthony Davis,PF,24,NOP,68,2475,29.1,.617,.115,.400,7.7,25.0,16.6,10.8,1.9,5.5,8.6,29.9,8.2,4.2,12.5,.242,3.1,2.1,5.3,4.5
Deyonta Davis,C,21,MEM,55,786,17.3,.636,.000,.226,9.2,21.8,15.4,7.2,0.8,3.9,9.7,15.4,1.8,0.8,2.5,.154,-1.0,0.5,-0.6,0.3
Ed Davis,C,28,POR,75,1427,15.8,.610,.004,.391,13.9,28.4,21.2,3.9,1.1,2.8,15.9,12.2,2.6,2.4,5.0,.167,-1.6,1.7,0.1,0.8
Dewayne Dedmon,C,28,ATL,56,1373,15.8,.608,.295,.177,7.5,27.9,17.7,9.0,1.4,2.8,15.3,16.9,1.6,1.6,3.2,.111,-1.0,1.5,0.5,0.9
Sam Dekker,PF,23,LAC,68,813,11.0,.526,.249,.215,5.2,15.4,10.4,6.0,1.3,0.9,10.4,15.4,0.4,0.6,1.1,.063,-2.4,-0.8,-3.2,-0.3
Malcolm Delaney,PG,28,ATL,54,1014,10.7,.519,.435,.323,1.0,10.1,5.6,23.4,1.7,0.5,16.9,16.9,0.4,0.5,0.9,.045,-2.0,-1.6,-3.6,-0.4
Matthew Dellavedova,PG,27,MIL,37,702,8.7,.506,.517,.168,2.2,8.4,5.3,27.4,1.0,0.0,23.1,13.4,0.3,0.2,0.5,.035,-2.3,-3.6,-5.8,-0.7
Luol Deng,SF,32,LAL,1,13,5.5,.500,.000,.000,0.0,0.0,0.0,10.0,3.7,0.0,33.3,9.8,0.0,0.0,0.0,-0.018,-7.2,-1.3,-8.6,0.0
DeMar DeRozan,SG,28,TOR,74,2519,21.2,.557,.201,.401,2.5,10.2,6.4,24.7,1.6,0.6,9.6,29.8,6.4,2.5,8.9,.170,2.7,-1.0,1.8,2.4
Cheick Diallo,PF,21,NOP,45,496,17.7,.617,.000,.372,8.4,30.8,20.0,4.4,1.0,3.1,10.8,17.8,0.9,0.7,1.7,.161,-2.9,-0.4,-3.3,-0.2
Gorgui Dieng,C,28,MIN,73,1254,14.4,.538,.148,.268,9.0,21.9,15.4,7.5,1.7,2.5,12.1,16.4,1.4,1.2,2.6,.099,-1.2,0.5,-0.7,0.4
Spencer Dinwiddie,PG,24,BRK,74,2137,16.1,.527,.505,.321,1.9,10.2,6.0,35.0,1.4,0.8,11.3,20.4,4.2,1.2,5.4,.121,2.2,-1.8,0.4,1.3
Tyler Dorsey,SG,21,ATL,49,783,8.6,.467,.545,.155,2.0,13.6,7.8,13.0,0.8,0.4,8.4,19.4,-0.3,0.3,0.0,-0.001,-2.5,-2.5,-5.0,-0.6
Damyean Dotson,SG,23,NYK,38,327,9.6,.499,.425,.132,2.4,15.6,9.0,9.6,1.1,0.3,9.7,16.5,0.0,0.2,0.2,.033,-2.3,-1.9,-4.3,-0.2
Milton Doyle,SG,24,BRK,6,63,4.5,.342,.520,.120,3.3,11.9,7.6,9.4,1.5,1.2,7.1,19.4,-0.2,0.0,-0.1,-0.088,-6.1,-1.7,-7.8,-0.1
PJ Dozier,PG,21,OKC,2,3,-5.0,.500,.000,.000,0.0,38.3,18.6,0.0,0.0,0.0,33.3,43.1,0.0,0.0,0.0,-0.404,-23.6,-10.5,-34.1,0.0
Goran Dragic,PG,31,MIA,70,2224,16.7,.541,.281,.257,2.6,11.6,7.1,25.8,1.3,0.5,11.9,25.9,2.9,2.1,5.0,.107,1.1,-1.1,0.0,1.1
Larry Drew,PG,27,TOT,9,65,3.4,.386,.364,.000,5.2,0.0,2.5,16.3,0.0,0.0,12.0,16.6,-0.1,0.0,-0.1,-0.053,-4.8,-5.1,-9.9,-0.1
Larry Drew,PG,27,PHI,3,15,-9.4,.143,.429,.000,7.5,0.0,3.6,17.4,0.0,0.0,12.5,22.8,-0.1,0.0,-0.1,-0.302,-12.1,-5.2,-17.4,-0.1
Larry Drew,PG,27,NOP,6,50,7.3,.500,.333,.000,4.5,0.0,2.2,16.0,0.0,0.0,11.8,14.7,0.0,0.0,0.0,.021,-2.7,-5.0,-7.7,-0.1
Andre Drummond,C,24,DET,72,2404,23.0,.552,.010,.444,16.5,36.4,26.2,14.6,2.3,4.4,16.2,21.2,4.0,5.4,9.4,.188,0.1,5.5,5.7,4.7
Jared Dudley,PF,32,PHO,45,626,8.7,.554,.682,.264,1.3,13.5,7.3,16.2,1.7,1.2,17.5,10.1,0.4,0.3,0.7,.057,-1.9,-0.2,-2.1,0.0
Player,Pos,Age,Tm,G,MP,PER,TS%,3PAr,FTr,ORB%,DRB%,TRB%,AST%,STL%,BLK%,TOV%,USG%,OWS,DWS,WS,WS/48,OBPM,DBPM,BPM,VORP
Kris Dunn,PG,23,CHI,52,1525,14.5,.488,.201,.173,1.6,14.4,7.8,33.2,3.3,1.6,17.3,24.8,-1.0,1.8,0.8,.025,-1.5,1.3,-0.2,0.7
Kevin Durant,PF,29,GSW,60,2079,25.9,.645,.338,.327,1.7,18.9,10.9,24.9,1.0,4.3,13.1,30.0,6.7,2.8,9.5,.219,4.9,0.9,5.8,4.1
Jarell Eddie,SF,26,TOT,3,9,-1.9,.000,1.000,.000,0.0,12.0,6.1,0.0,5.6,0.0,0.0,9.8,0.0,0.0,0.0,-0.141,-10.1,1.6,-8.5,0.0
Jarell Eddie,SF,26,BOS,2,6,4.0,.000,1.000,.000,0.0,17.9,9.1,0.0,8.3,0.0,0.0,7.5,0.0,0.0,0.0,-0.024,-8.7,5.1,-3.5,0.0
Jarell Eddie,SF,26,CHI,1,3,-13.6,.000,1.000,.000,0.0,0.0,0.0,0.0,0.0,0.0,0.0,14.5,0.0,0.0,0.0,-0.375,-13.0,-5.3,-18.3,0.0
Henry Ellenson,PF,21,DET,30,181,6.3,.399,.402,.115,4.2,25.6,14.6,10.2,0.8,0.0,11.6,25.3,-0.5,0.2,-0.3,-0.073,-7.1,-2.5,-9.6,-0.3
Wayne Ellington,SG,30,MIA,70,1868,12.5,.587,.827,.114,1.3,11.1,6.2,6.3,1.3,0.3,6.8,17.4,2.3,1.7,4.0,.102,1.8,-1.8,0.0,1.0
Joel Embiid,C,23,PHI,63,1912,23.0,.573,.203,.442,8.4,29.9,19.5,18.4,1.0,4.8,15.6,33.4,2.4,3.8,6.2,.155,0.3,2.5,2.8,2.3
James Ennis,SF,27,TOT,65,1500,12.0,.595,.394,.326,5.4,11.4,8.3,6.8,1.5,1.1,11.3,13.5,2.1,1.1,3.2,.101,-0.4,-0.3,-0.7,0.5
James Ennis,SF,27,MEM,45,1053,11.9,.610,.378,.329,5.7,11.7,8.6,7.1,1.5,1.1,13.0,12.5,1.5,0.7,2.1,.097,-0.4,-0.3,-0.7,0.3
James Ennis,SF,27,DET,20,447,12.2,.568,.422,.320,4.6,10.6,7.5,6.0,1.5,1.2,8.2,15.7,0.6,0.4,1.0,.112,-0.5,-0.3,-0.7,0.1
Tyler Ennis,PG,23,LAL,46,499,9.6,.455,.263,.128,2.6,11.7,7.2,19.8,1.8,1.0,11.8,15.8,0.0,0.5,0.5,.050,-3.3,-0.4,-3.8,-0.2
Jawun Evans,PG,21,LAC,48,778,7.2,.421,.213,.194,1.3,10.4,5.9,17.7,2.2,0.6,13.8,17.7,-0.8,0.7,-0.1,-0.007,-4.4,-0.4,-4.8,-0.5
Tyreke Evans,PG,28,MEM,52,1607,21.1,.561,.354,.258,3.1,16.3,9.5,31.6,1.8,1.0,11.5,28.5,3.0,1.3,4.3,.130,4.4,-0.7,3.7,2.3
Dante Exum,PG,22,UTA,7,89,17.2,.573,.176,.353,2.6,10.1,6.4,32.1,1.7,1.0,18.6,24.5,0.1,0.1,0.2,.122,-0.8,-1.2,-2.0,0.0
Kenneth Faried,PF,28,DEN,32,461,17.4,.552,.007,.345,16.7,20.9,18.8,5.8,1.3,2.4,11.9,18.2,0.9,0.4,1.3,.131,-1.1,-1.2,-2.3,0.0
Derrick Favors,C,26,UTA,70,1951,18.8,.594,.081,.313,10.6,18.7,14.7,8.0,1.3,3.1,10.5,18.5,4.0,3.1,7.1,.175,0.3,2.1,2.4,2.2
Kay Felder,PG,22,TOT,15,137,2.9,.375,.279,.176,1.5,10.5,5.9,22.5,1.1,0.6,17.9,28.4,-0.6,0.1,-0.5,-0.188,-8.7,-3.6,-12.3,-0.4
Kay Felder,PG,22,CHI,14,134,3.6,.386,.273,.182,0.8,10.8,5.6,23.0,1.1,0.7,17.4,28.1,-0.5,0.1,-0.5,-0.170,-8.3,-3.4,-11.6,-0.3
Kay Felder,PG,22,DET,1,3,-31.6,.000,.500,.000,35.9,0.0,18.4,0.0,0.0,0.0,33.3,44.2,-0.1,0.0,-0.1,-1.007,-29.5,-11.8,-41.4,0.0
Cristiano Felicio,C,25,CHI,48,782,12.3,.626,.006,.376,8.1,15.5,11.7,8.8,0.6,1.2,17.1,13.3,1.1,0.4,1.4,.087,-2.3,-0.3,-2.6,-0.1
Raymond Felton,PG,33,OKC,75,1259,13.8,.502,.406,.085,2.1,10.9,6.4,23.4,1.8,1.0,11.6,20.4,1.1,1.2,2.3,.089,-0.7,-1.8,-2.5,-0.2
Terrance Ferguson,SG,19,OKC,57,708,7.1,.534,.680,.065,2.9,3.9,3.4,3.1,1.6,1.3,6.0,10.2,0.5,0.5,1.1,.073,-1.5,-1.2,-2.6,-0.1
Yogi Ferrell,SG,24,DAL,75,2155,11.2,.545,.488,.147,1.3,11.3,6.2,12.7,1.4,0.3,9.6,16.7,1.4,1.5,2.8,.063,-0.5,-0.5,-1.0,0.6
Dorian Finney-Smith,PF,24,DAL,15,253,7.1,.510,.630,.204,5.1,13.6,9.2,7.3,1.2,1.1,16.9,12.7,0.0,0.2,0.2,.031,-2.9,0.1,-2.8,-0.1
Bryn Forbes,SG,24,SAS,74,1416,9.0,.524,.468,.147,0.9,7.3,4.1,7.8,0.9,0.1,7.0,16.7,0.6,1.3,2.0,.066,-1.3,-1.7,-3.0,-0.4
Player,Pos,Age,Tm,G,MP,PER,TS%,3PAr,FTr,ORB%,DRB%,TRB%,AST%,STL%,BLK%,TOV%,USG%,OWS,DWS,WS,WS/48,OBPM,DBPM,BPM,VORP
Evan Fournier,SF,25,ORL,57,1837,15.5,.577,.418,.216,1.4,9.5,5.4,14.7,1.3,0.7,9.8,23.3,2.5,0.8,3.3,.085,1.7,-2.2,-0.5,0.7
De'Aaron Fox,PG,20,SAC,66,1802,11.0,.479,.184,.242,1.6,9.4,5.3,24.1,1.8,0.9,16.6,23.3,-1.6,0.8,-0.8,-0.022,-3.0,-1.8,-4.8,-1.3
Tim Frazier,PG,27,WAS,54,789,11.3,.479,.335,.186,2.6,12.6,7.6,31.3,2.6,0.8,24.0,12.8,0.4,0.9,1.3,.080,-2.3,0.1,-2.2,0.0
Channing Frye,C,34,TOT,46,563,13.9,.613,.529,.087,2.0,19.6,10.9,7.3,1.5,1.8,8.7,15.4,0.8,0.5,1.2,.105,-0.4,-1.0,-1.4,0.1
Channing Frye,C,34,CLE,44,545,13.9,.604,.533,.089,2.1,20.3,11.3,7.5,1.5,1.9,8.8,15.7,0.7,0.5,1.2,.103,-0.5,-0.9,-1.4,0.1
Channing Frye,C,34,LAL,2,18,12.3,1.167,.333,.000,0.0,0.0,0.0,0.0,0.0,0.0,0.0,7.0,0.1,0.0,0.1,.169,3.0,-3.9,-0.9,0.0
Markelle Fultz,SG,19,PHI,6,104,9.4,.362,.000,.311,7.5,11.1,9.4,30.7,1.4,1.6,12.0,23.9,-0.2,0.1,0.0,-0.012,-5.3,-0.2,-5.5,-0.1
Danilo Gallinari,SF,29,LAC,19,615,14.3,.551,.440,.320,1.5,14.9,8.3,9.3,0.9,0.8,7.7,20.9,0.9,0.4,1.3,.098,0.3,-1.6,-1.2,0.1
Langston Galloway,SG,26,DET,54,782,12.3,.509,.648,.112,1.7,10.3,5.8,10.3,1.9,0.6,5.1,19.0,0.5,0.8,1.4,.083,-0.1,-1.5,-1.6,0.1
Marc Gasol,C,33,MEM,69,2311,17.2,.526,.305,.337,3.6,25.5,14.3,21.6,1.1,4.0,13.9,25.9,1.1,2.7,3.8,.079,-0.4,1.8,1.4,2.0
Pau Gasol,C,37,SAS,70,1677,19.1,.543,.188,.329,7.6,29.9,18.7,20.2,0.7,3.7,13.2,20.7,2.5,3.1,5.6,.161,-0.1,3.4,3.3,2.3
Rudy Gay,PF,31,SAS,50,1068,17.2,.539,.215,.269,6.6,19.7,13.1,9.9,1.7,2.6,12.0,24.5,0.7,1.9,2.5,.114,-1.2,1.0,-0.3,0.5
Paul George,SF,27,OKC,72,2625,18.5,.570,.451,.298,2.6,15.0,8.6,14.7,2.8,1.3,12.5,25.6,4.3,3.6,7.9,.145,2.4,0.1,2.5,3.0
Marcus Georges-Hunt,SG,23,MIN,40,218,6.7,.507,.304,.457,3.7,4.8,4.3,4.2,1.4,0.0,5.2,11.8,0.2,0.0,0.2,.044,-1.7,-2.6,-4.3,-0.1
Taj Gibson,PF,32,MIN,76,2547,15.5,.618,.050,.254,8.1,16.4,12.2,5.4,1.1,1.9,10.1,14.6,5.2,1.5,6.7,.126,1.1,0.2,1.3,2.1
Manu Ginobili,SG,40,SAS,59,1180,12.5,.543,.407,.266,1.8,10.0,5.9,18.9,1.6,1.1,16.4,21.5,0.4,1.5,1.9,.078,-0.8,-0.5,-1.3,0.2
Rudy Gobert,C,25,UTA,49,1605,21.3,.663,.000,.673,10.4,26.9,18.7,6.6,1.2,6.1,14.4,16.9,4.1,3.3,7.4,.223,0.0,4.5,4.4,2.6
Aaron Gordon,PF,22,ORL,51,1711,17.2,.542,.390,.272,5.4,22.3,13.8,11.7,1.4,1.9,9.8,24.4,1.4,1.6,3.0,.085,0.5,-0.1,0.4,1.0
Eric Gordon,SG,29,HOU,66,2072,15.5,.583,.627,.253,1.3,7.6,4.5,11.6,1.0,1.1,10.8,24.7,3.0,1.7,4.8,.110,1.7,-2.4,-0.7,0.7
Marcin Gortat,C,33,WAS,74,1874,14.8,.545,.000,.308,9.9,24.0,17.0,10.6,1.0,2.6,13.4,15.7,2.2,2.2,4.5,.115,-1.6,1.9,0.3,1.1
Treveon Graham,SG,24,CHO,62,1033,9.1,.555,.439,.258,4.3,8.5,6.3,7.6,1.6,0.2,9.9,11.5,1.0,0.7,1.8,.082,-0.6,-0.3,-0.9,0.3
Jerami Grant,PF,23,OKC,74,1513,15.4,.593,.246,.491,5.9,16.3,10.9,5.3,0.9,4.0,9.0,16.1,2.8,1.7,4.5,.144,-1.0,0.1,-0.9,0.4
Player,Pos,Age,Tm,G,MP,PER,TS%,3PAr,FTr,ORB%,DRB%,TRB%,AST%,STL%,BLK%,TOV%,USG%,OWS,DWS,WS,WS/48,OBPM,DBPM,BPM,VORP
Jerian Grant,PG,25,CHI,66,1486,14.7,.536,.363,.391,2.1,9.6,5.7,31.2,1.7,0.4,13.5,17.2,2.4,0.8,3.1,.101,0.0,-2.0,-2.0,0.0
Josh Gray,PG,24,PHO,5,86,7.3,.349,.317,.268,2.4,10.2,6.2,20.8,4.4,1.9,13.2,26.0,-0.3,0.1,-0.2,-0.119,-5.9,0.3,-5.6,-0.1
Danny Green,SG,30,SAS,63,1632,11.7,.519,.576,.100,2.6,12.8,7.6,8.9,1.7,3.8,11.0,16.4,0.3,2.7,3.0,.087,-0.8,2.3,1.5,1.4
Draymond Green,PF,27,GSW,62,2038,16.5,.551,.407,.274,4.3,21.3,13.4,29.0,2.0,3.3,21.3,17.3,2.6,3.3,5.9,.138,0.6,3.0,3.7,2.9
Gerald Green,SG,32,HOU,34,744,13.7,.552,.713,.142,2.0,14.1,8.1,4.5,1.3,1.4,5.4,22.0,0.8,0.8,1.6,.105,0.3,-2.3,-2.0,0.0
JaMychal Green,PF,27,MEM,54,1522,14.1,.531,.260,.229,10.9,24.3,17.4,8.5,1.1,1.5,12.3,18.0,1.3,1.4,2.7,.085,-1.1,-0.1,-1.2,0.3
Jeff Green,PF,31,CLE,71,1648,14.4,.575,.267,.383,3.8,11.8,7.9,8.1,1.1,1.5,9.6,19.7,2.5,0.7,3.2,.094,-0.7,-1.8,-2.4,-0.2
Blake Griffin,PF,28,TOT,58,1970,19.6,.544,.323,.331,4.1,19.8,11.9,28.2,1.0,0.8,12.6,28.9,3.1,1.9,5.0,.122,2.8,0.0,2.8,2.4
Blake Griffin,PF,28,LAC,33,1139,20.4,.553,.324,.379,4.5,20.5,12.6,25.6,1.3,0.7,12.8,29.3,2.0,1.1,3.1,.129,3.0,0.1,3.1,1.5
Blake Griffin,PF,28,DET,25,831,18.5,.531,.323,.266,3.5,18.9,11.0,31.7,0.7,1.0,12.4,28.4,1.1,0.8,2.0,.113,2.4,0.0,2.4,0.9
Daniel Hamilton,SG,22,OKC,5,26,19.6,.545,.455,.000,0.0,22.1,10.7,42.5,1.9,0.0,15.4,21.5,0.1,0.0,0.1,.162,1.0,-1.9,-0.9,0.0
Tim Hardaway,SG,25,NYK,54,1785,14.4,.531,.477,.211,2.0,11.0,6.5,12.5,1.6,0.5,8.9,23.9,1.5,1.0,2.5,.068,1.7,-1.9,-0.2,0.8
James Harden,SG,28,HOU,66,2341,30.1,.619,.504,.493,1.8,15.1,8.5,44.5,2.5,1.7,14.8,36.1,10.9,3.5,14.4,.295,9.7,1.3,11.0,7.7
Maurice Harkless,SF,24,POR,59,1264,12.6,.596,.397,.199,4.0,9.9,7.0,6.0,1.9,2.8,11.0,12.6,1.6,1.6,3.2,.122,-0.1,2.0,1.8,1.2
Montrezl Harrell,C,24,LAC,69,1119,25.0,.654,.008,.425,9.5,17.3,13.4,9.3,1.3,3.4,9.8,23.9,3.8,1.2,5.0,.215,2.3,0.0,2.2,1.2
Devin Harris,PG,34,TOT,64,1195,13.2,.560,.486,.388,1.1,9.9,5.4,17.1,1.9,0.9,12.6,20.5,1.3,0.9,2.3,.091,-0.1,-1.6,-1.7,0.1
Devin Harris,PG,34,DAL,44,807,13.5,.560,.440,.394,1.2,10.8,5.9,16.4,2.1,0.9,12.8,21.5,0.7,0.7,1.4,.086,-0.5,-0.9,-1.3,0.1
Devin Harris,PG,34,DEN,20,388,12.6,.562,.593,.374,0.9,7.9,4.4,18.8,1.5,0.9,12.3,18.3,0.6,0.2,0.8,.101,0.5,-3.1,-2.6,-0.1
Gary Harris,SG,23,DEN,65,2265,16.6,.599,.436,.175,1.8,6.9,4.3,13.1,2.6,0.6,11.0,20.6,3.9,1.5,5.4,.114,2.5,-1.5,1.0,1.7
Joe Harris,SG,26,BRK,73,1839,13.0,.629,.577,.166,2.8,11.4,7.1,9.7,0.9,0.7,11.9,16.4,2.7,0.8,3.6,.093,1.2,-1.2,-0.1,0.9
Tobias Harris,PF,25,TOT,73,2438,17.3,.570,.375,.176,2.5,15.6,9.0,11.3,1.3,1.1,7.1,23.1,4.1,2.4,6.5,.127,1.7,-0.7,1.0,1.8
Tobias Harris,PF,25,DET,48,1563,16.8,.564,.389,.192,2.5,15.0,8.6,10.0,1.1,0.8,6.2,23.2,2.6,1.5,4.1,.127,1.4,-1.2,0.3,0.9
Tobias Harris,PF,25,LAC,25,875,18.3,.579,.350,.148,2.4,16.5,9.6,13.7,1.7,1.6,8.8,23.1,1.5,0.9,2.3,.129,2.1,0.1,2.2,0.9
Aaron Harrison,SG,23,DAL,3,66,4.1,.396,.778,.278,1.6,10.4,5.9,4.2,1.5,2.7,4.7,14.6,-0.1,0.1,0.0,-0.013,-4.3,-0.3,-4.5,0.0
Andrew Harrison,PG,23,MEM,56,1326,12.7,.534,.331,.371,2.0,9.6,5.7,21.5,1.5,1.8,14.0,19.7,1.0,0.8,1.8,.065,-0.9,-1.3,-2.3,-0.1
Shaquille Harrison,PG,24,PHO,17,238,15.4,.532,.221,.390,2.2,18.8,10.3,17.5,3.6,2.0,12.6,18.3,0.2,0.3,0.5,.094,-1.6,1.7,0.2,0.1
Player,Pos,Age,Tm,G,MP,PER,TS%,3PAr,FTr,ORB%,DRB%,TRB%,AST%,STL%,BLK%,TOV%,USG%,OWS,DWS,WS,WS/48,OBPM,DBPM,BPM,VORP
Josh Hart,SG,22,LAL,55,1182,11.2,.583,.532,.225,3.0,15.6,9.3,7.5,1.6,0.8,10.1,12.4,1.3,1.2,2.5,.101,-0.8,0.3,-0.5,0.5
Udonis Haslem,C,37,MIA,13,66,2.3,.250,.500,.000,5.1,10.3,7.7,10.1,0.0,2.6,12.5,10.9,-0.1,0.0,-0.1,-0.056,-7.1,-0.2,-7.3,-0.1
Nigel Hayes,SF,23,TOT,4,17,18.6,.827,.800,.200,0.0,0.0,0.0,15.6,0.0,0.0,15.5,16.3,0.0,0.0,0.0,.052,2.8,-8.3,-5.5,0.0
Nigel Hayes,SF,23,LAL,2,11,9.8,.436,.667,.333,0.0,0.0,0.0,24.1,0.0,0.0,0.0,13.2,0.0,0.0,0.0,.069,-3.6,-9.3,-12.8,0.0
Nigel Hayes,SF,23,TOR,2,6,34.8,1.500,1.000,.000,0.0,0.0,0.0,0.0,0.0,0.0,33.3,21.8,0.0,0.0,0.0,.022,14.4,-6.4,7.9,0.0
Gordon Hayward,SF,27,BOS,1,5,7.3,.500,.500,.000,0.0,21.5,11.0,0.0,0.0,0.0,0.0,17.9,0.0,0.0,0.0,.058,-5.9,-6.0,-12.0,0.0
Reggie Hearn,SG,26,DET,2,3,44.3,1.500,1.000,.000,0.0,0.0,0.0,0.0,0.0,0.0,0.0,14.7,0.0,0.0,0.0,.238,20.5,-6.6,13.9,0.0
Myke Henry,SF,25,MEM,15,279,9.8,.492,.551,.128,2.8,7.6,5.2,8.8,3.8,1.7,14.5,15.6,-0.2,0.3,0.2,.027,-2.2,0.8,-1.3,0.0
John Henson,C,27,MIL,69,1788,15.7,.589,.011,.317,9.2,22.1,15.7,8.0,1.0,4.7,13.2,15.1,2.5,2.0,4.5,.121,-1.5,1.6,0.2,1.0
Juan Hernangomez,PF,22,DEN,23,254,10.3,.512,.638,.174,7.6,16.1,11.8,5.4,1.2,1.0,9.7,14.1,0.2,0.1,0.3,.065,-1.2,-2.2,-3.4,-0.1
Willy Hernangomez,C,23,TOT,42,376,18.3,.567,.069,.450,13.0,23.2,18.1,11.3,1.7,3.2,16.9,21.9,0.4,0.5,0.9,.112,-1.3,0.8,-0.5,0.1
Willy Hernangomez,C,23,NYK,26,233,16.9,.595,.062,.346,10.5,21.4,16.0,14.3,1.7,2.6,21.8,22.3,0.1,0.3,0.3,.070,-1.4,0.9,-0.5,0.1
Willy Hernangomez,C,23,CHO,16,143,20.7,.526,.080,.620,17.0,26.3,21.6,6.4,1.7,4.1,8.6,21.1,0.3,0.2,0.5,.180,-1.0,0.6,-0.4,0.1
Mario Hezonja,SF,22,ORL,67,1419,13.6,.546,.420,.168,2.8,16.0,9.4,9.5,2.3,1.3,11.2,19.8,0.5,1.4,1.9,.063,-1.1,-0.2,-1.2,0.3
Isaiah Hicks,PF,23,NYK,12,146,4.9,.494,.162,.216,6.1,14.4,10.3,5.7,0.7,1.2,19.8,15.1,-0.1,0.1,0.0,-0.015,-4.7,-1.1,-5.9,-0.1
Buddy Hield,SG,24,SAC,73,1812,15.7,.552,.445,.087,2.8,15.2,8.7,12.2,1.9,1.1,10.9,24.3,1.0,1.2,2.2,.058,0.9,-1.7,-0.8,0.5
Nene Hilario,C,35,HOU,49,717,16.9,.609,.009,.421,7.8,18.1,13.0,9.8,1.8,1.7,12.0,18.8,1.5,1.0,2.6,.171,-1.2,0.8,-0.4,0.3
George Hill,PG,31,TOT,64,1761,13.3,.581,.405,.277,2.7,9.0,5.7,15.0,1.6,1.3,13.0,16.3,2.3,0.8,3.1,.084,0.4,-1.1,-0.7,0.6
George Hill,PG,31,SAC,43,1143,14.0,.597,.393,.304,2.1,9.9,5.8,15.4,1.7,1.0,14.0,16.9,1.6,0.5,2.0,.086,0.5,-1.2,-0.7,0.4
George Hill,PG,31,CLE,21,618,12.2,.550,.428,.225,3.7,7.3,5.5,14.2,1.4,1.9,11.2,15.3,0.8,0.3,1.0,.080,0.2,-0.8,-0.6,0.2
Solomon Hill,SF,26,NOP,5,69,10.0,.474,.500,.125,3.3,6.1,4.7,20.3,1.4,0.0,5.6,11.2,0.1,0.0,0.1,.084,-1.0,-2.5,-3.5,0.0
Darrun Hilliard,SG,24,SAS,14,95,3.3,.362,.316,.368,0.0,8.2,4.1,15.2,1.1,0.0,15.3,12.3,-0.1,0.1,0.0,-0.012,-6.3,-1.2,-7.4,-0.1
Jrue Holiday,SG,27,NOP,74,2692,17.3,.564,.288,.193,2.4,10.8,6.7,24.4,1.8,1.7,13.3,23.2,3.5,2.4,6.0,.106,1.6,0.0,1.6,2.4
Justin Holiday,SG,28,CHI,65,2099,10.5,.512,.574,.212,1.5,13.0,7.0,9.7,1.6,1.3,10.0,17.8,0.1,1.4,1.4,.033,-1.2,-0.3,-1.5,0.3
John Holland,SF,29,CLE,21,135,5.2,.396,.641,.154,3.4,12.3,7.9,3.9,2.2,1.3,10.7,15.3,-0.2,0.1,-0.1,-0.043,-4.8,-1.5,-6.4,-0.1
Rondae Hollis-Jefferson,SF,23,BRK,61,1724,17.3,.549,.073,.442,5.9,19.4,12.6,14.3,1.6,1.7,11.7,22.8,2.2,1.7,3.8,.107,-1.1,0.9,-0.2,0.8
Player,Pos,Age,Tm,G,MP,PER,TS%,3PAr,FTr,ORB%,DRB%,TRB%,AST%,STL%,BLK%,TOV%,USG%,OWS,DWS,WS,WS/48,OBPM,DBPM,BPM,VORP
Richaun Holmes,C,24,PHI,40,582,16.2,.552,.151,.245,9.1,22.6,16.1,12.2,1.2,3.0,9.4,17.2,1.0,1.0,1.9,.159,-1.1,1.6,0.5,0.4
Rodney Hood,SG,25,TOT,55,1494,14.2,.542,.455,.163,1.7,10.1,5.9,9.7,1.3,0.7,8.3,25.0,0.9,1.4,2.3,.073,0.1,-2.2,-2.2,-0.1
Rodney Hood,SG,25,UTA,39,1084,15.2,.551,.475,.176,1.5,10.1,5.8,10.5,1.4,0.6,9.6,27.4,0.6,1.2,1.8,.082,0.5,-2.1,-1.6,0.1
Rodney Hood,SG,25,CLE,16,410,11.5,.511,.386,.120,2.2,10.0,6.1,7.6,1.2,1.0,3.5,18.6,0.3,0.1,0.4,.050,-1.1,-2.5,-3.6,-0.2
Scotty Hopson,SG,28,DAL,1,8,-4.6,.266,.000,2.000,0.0,0.0,0.0,15.8,0.0,0.0,34.7,16.4,0.0,0.0,0.0,-0.238,-14.7,-6.0,-20.7,0.0
Al Horford,C,31,BOS,67,2120,17.4,.575,.306,.143,4.8,20.5,12.8,24.5,0.9,3.0,14.8,18.4,3.5,3.7,7.2,.163,0.9,3.1,4.1,3.2
Danuel House,SG,24,PHO,17,196,10.7,.491,.463,.284,4.8,15.6,10.1,6.1,1.2,0.4,6.2,17.3,0.1,0.1,0.2,.040,-2.2,-2.7,-4.9,-0.1
Dwight Howard,C,32,CHO,75,2295,20.3,.577,.008,.633,10.9,33.2,21.8,7.1,1.0,4.5,15.4,24.3,2.5,3.6,6.1,.128,-2.1,1.8,-0.3,1.0
Josh Huestis,PF,26,OKC,66,968,5.4,.415,.631,.101,4.7,14.0,9.2,2.7,0.8,4.0,12.2,9.5,-0.5,1.0,0.5,.024,-4.6,0.7,-3.9,-0.5
R.J. Hunter,SG,24,HOU,4,15,-4.4,.000,.750,.000,0.0,7.5,3.8,16.4,3.3,0.0,0.0,11.7,-0.1,0.0,0.0,-0.154,-9.4,-0.1,-9.5,0.0
Vince Hunter,PF,23,MEM,4,7,35.9,.600,.000,.000,32.3,16.9,24.8,0.0,0.0,13.4,16.7,38.6,0.0,0.0,0.0,.101,-3.2,-5.8,-9.0,0.0
Serge Ibaka,PF,28,TOR,70,1919,14.3,.566,.382,.154,4.1,21.0,12.7,4.2,0.7,3.7,9.5,19.4,1.8,2.7,4.4,.111,-1.1,0.4,-0.7,0.6
Andre Iguodala,SF,34,GSW,62,1580,11.3,.544,.363,.280,3.8,12.4,8.4,15.9,1.6,1.8,15.7,11.5,1.6,1.7,3.3,.100,-0.5,1.0,0.4,1.0
Ersan Ilyasova,PF,30,TOT,61,1509,14.4,.555,.405,.209,7.3,16.9,12.1,7.7,1.8,1.2,9.7,18.2,1.7,1.4,3.2,.101,0.0,-0.3,-0.3,0.6
Ersan Ilyasova,PF,30,ATL,46,1175,15.1,.569,.424,.224,7.1,17.0,12.0,6.8,1.8,1.2,8.9,18.0,1.6,1.0,2.5,.104,0.4,-0.5,-0.1,0.6
Ersan Ilyasova,PF,30,PHI,15,334,12.0,.510,.342,.158,8.1,16.6,12.5,10.6,1.7,1.2,12.3,18.7,0.1,0.5,0.6,.089,-1.5,0.3,-1.1,0.1
Joe Ingles,SF,30,UTA,75,2362,14.1,.624,.653,.114,1.1,14.2,7.7,21.8,1.8,0.6,17.4,16.0,3.4,3.2,6.6,.134,1.9,1.0,2.9,2.9
Brandon Ingram,SF,20,LAL,58,1948,13.9,.534,.137,.370,3.1,13.9,8.5,17.3,1.1,1.8,14.1,22.1,1.0,1.8,2.8,.069,-1.7,0.3,-1.3,0.3
Kyrie Irving,PG,25,BOS,60,1931,25.0,.610,.374,.240,1.9,10.8,6.4,30.7,1.7,0.7,10.4,31.1,6.3,2.8,9.0,.225,6.9,-0.6,6.3,4.0
Jonathan Isaac,PF,20,ORL,25,494,9.1,.456,.295,.163,3.4,17.1,10.2,4.3,2.9,4.7,15.3,14.5,-0.6,0.7,0.1,.010,-5.2,3.1,-2.2,0.0
Wesley Iwundu,SF,23,ORL,55,819,8.3,.490,.192,.209,3.6,12.4,8.0,8.1,1.7,0.9,11.3,11.4,0.1,0.5,0.6,.038,-3.6,0.3,-3.3,-0.3
Jarrett Jack,PG,34,NYK,58,1483,11.2,.487,.193,.167,1.5,11.9,6.7,31.2,1.2,0.2,19.9,16.5,0.3,0.7,1.0,.033,-2.0,-1.5,-3.5,-0.6
Demetrius Jackson,PG,23,TOT,14,78,4.4,.424,.389,.111,7.3,10.0,8.7,14.7,3.1,1.1,36.8,16.8,-0.2,0.1,-0.1,-0.074,-7.0,1.3,-5.7,-0.1
Demetrius Jackson,PG,23,HOU,12,63,-0.6,.286,.429,.000,7.2,12.4,9.9,10.6,3.1,1.3,41.7,16.8,-0.3,0.1,-0.2,-0.161,-10.1,2.3,-7.7,-0.1
Demetrius Jackson,PG,23,PHI,2,15,25.8,.820,.250,.500,7.5,0.0,3.6,31.6,3.2,0.0,17.0,16.8,0.1,0.0,0.1,.294,5.9,-3.1,2.8,0.0
Josh Jackson,SF,20,PHO,73,1820,11.5,.480,.243,.307,4.9,14.4,9.6,10.0,1.9,1.4,12.3,25.2,-1.8,1.1,-0.7,-0.018,-3.2,-1.2,-4.4,-1.1
Player,Pos,Age,Tm,G,MP,PER,TS%,3PAr,FTr,ORB%,DRB%,TRB%,AST%,STL%,BLK%,TOV%,USG%,OWS,DWS,WS,WS/48,OBPM,DBPM,BPM,VORP
Justin Jackson,SF,22,SAC,61,1298,10.1,.537,.422,.093,2.1,13.1,7.3,7.1,1.0,0.8,8.4,14.4,0.6,0.4,1.0,.037,-1.7,-1.6,-3.4,-0.4
Reggie Jackson,PG,27,DET,37,979,15.8,.528,.314,.214,2.9,9.0,5.9,31.6,1.1,0.3,14.5,26.5,0.8,0.8,1.6,.079,0.9,-2.1,-1.2,0.2
LeBron James,PF,33,CLE,75,2780,28.7,.624,.256,.331,3.6,22.1,13.0,44.1,2.0,2.2,16.1,31.5,10.1,2.8,12.9,.222,7.6,2.2,9.8,8.3
Mike James,PG,27,TOT,36,687,13.9,.469,.305,.262,2.0,12.3,7.0,29.5,1.9,0.8,12.0,25.1,-0.1,0.3,0.2,.015,-0.9,-1.9,-2.7,-0.1
Mike James,PG,27,PHO,32,669,14.2,.476,.311,.269,1.9,12.6,7.1,29.1,1.9,0.8,12.1,25.1,0.0,0.3,0.3,.020,-0.7,-1.8,-2.5,-0.1
Mike James,PG,27,NOP,4,18,3.5,.222,.111,.000,6.2,0.0,3.0,43.9,2.7,0.0,10.0,24.1,-0.1,0.0,-0.1,-0.150,-7.7,-4.7,-12.4,0.0
Al Jefferson,C,33,IND,34,462,19.8,.557,.005,.163,7.4,25.2,16.4,10.1,1.7,4.4,8.7,22.2,0.7,0.8,1.5,.155,-1.8,1.4,-0.4,0.2
Richard Jefferson,SF,37,DEN,20,163,6.3,.499,.259,.259,1.4,10.4,5.9,12.0,0.6,0.5,14.3,9.3,0.1,0.0,0.1,.028,-3.8,-2.1,-5.9,-0.2
Brandon Jennings,PG,28,MIL,8,124,18.3,.570,.538,.179,2.9,13.2,8.1,35.6,0.8,2.8,14.3,18.0,0.3,0.1,0.4,.151,1.6,-2.4,-0.8,0.0
Jonas Jerebko,PF,30,UTA,67,1037,12.5,.559,.450,.170,5.6,19.9,12.8,5.9,1.1,0.8,6.7,15.6,1.4,1.4,2.8,.129,-1.0,-0.3,-1.3,0.2
Amir Johnson,C,30,PHI,66,996,14.5,.571,.123,.352,12.2,17.6,15.0,12.8,1.9,3.4,16.5,13.0,1.6,1.7,3.3,.158,-0.4,3.1,2.7,1.2
Brice Johnson,PF,23,TOT,18,98,18.2,.486,.024,.119,10.4,25.4,17.9,3.4,4.5,5.5,10.2,22.3,0.0,0.2,0.2,.086,-4.9,2.2,-2.7,0.0
Brice Johnson,PF,23,LAC,9,38,21.3,.673,.091,.182,5.9,31.2,18.8,4.0,7.7,4.4,25.2,18.1,0.0,0.1,0.1,.172,-2.7,6.6,3.9,0.1
Brice Johnson,PF,23,MEM,9,60,16.2,.418,.000,.097,13.2,21.7,17.4,3.1,2.5,6.2,3.0,25.0,-0.1,0.1,0.0,.031,-6.3,-0.6,-6.9,-0.1
Dakari Johnson,C,22,OKC,29,159,16.6,.575,.000,.513,10.9,13.0,11.9,7.3,1.9,4.6,5.9,13.8,0.4,0.2,0.6,.181,-0.8,1.3,0.5,0.1
James Johnson,PF,30,MIA,67,1777,16.0,.578,.315,.260,3.4,17.5,10.5,22.9,1.8,2.1,17.0,19.1,2.1,2.5,4.6,.125,0.1,1.7,1.8,1.7
Joe Johnson,SF,36,TOT,48,1078,8.3,.494,.403,.116,1.3,14.4,7.9,10.2,0.8,0.5,11.3,15.8,-0.2,1.1,0.9,.041,-3.2,-0.3,-3.6,-0.4
Joe Johnson,SF,36,UTA,32,700,9.0,.492,.372,.106,2.0,15.3,8.7,9.9,0.9,0.7,11.6,17.2,-0.3,0.8,0.6,.038,-3.3,-0.1,-3.4,-0.3
Joe Johnson,SF,36,HOU,16,378,6.8,.496,.479,.138,0.0,12.7,6.4,10.8,0.8,0.0,10.7,13.0,0.1,0.3,0.4,.047,-3.1,-0.8,-3.8,-0.2
Stanley Johnson,SF,21,DET,61,1645,8.5,.477,.425,.262,1.8,13.5,7.5,7.9,2.3,0.7,11.0,16.1,-0.6,2.1,1.5,.042,-2.9,1.0,-1.9,0.0
Tyler Johnson,PG,25,MIA,65,1869,13.3,.553,.467,.190,1.8,11.7,6.7,12.5,1.5,1.4,9.3,18.7,1.9,2.0,3.9,.101,0.1,-0.2,-0.1,0.9
Wesley Johnson,SF,30,LAC,68,1415,9.6,.509,.483,.157,2.1,14.0,8.1,5.3,2.5,3.7,12.6,13.1,-0.2,1.8,1.6,.055,-2.2,2.6,0.4,0.8
Nikola Jokic,C,22,DEN,68,2165,24.2,.604,.279,.327,9.5,27.7,18.6,29.3,1.8,2.0,15.9,23.9,6.9,2.5,9.4,.208,4.7,2.1,6.9,4.8
Damian Jones,C,22,GSW,7,28,6.2,.750,.000,.000,12.9,7.4,10.0,0.0,0.0,2.8,33.3,9.4,0.0,0.0,0.0,.056,-3.0,-3.2,-6.3,0.0
Derrick Jones,SF,20,TOT,18,233,9.0,.457,.340,.426,9.2,7.3,8.2,4.7,0.9,4.7,9.7,11.9,0.1,0.2,0.3,.062,-3.1,1.1,-2.0,0.0
Derrick Jones,SF,20,PHO,6,33,18.3,.678,.500,1.500,6.3,6.6,6.5,12.3,1.4,9.8,13.1,9.8,0.1,0.0,0.1,.175,0.0,3.6,3.6,0.0
Derrick Jones,SF,20,MIA,12,200,7.5,.427,.326,.326,9.6,7.4,8.5,3.5,0.8,3.8,9.2,12.2,0.0,0.2,0.2,.043,-3.6,0.7,-3.0,0.0
Jalen Jones,SF,24,TOT,13,107,9.8,.493,.306,.222,8.1,16.9,12.5,2.9,0.9,0.0,7.1,18.0,0.0,0.1,0.1,.047,-3.9,-3.4,-7.2,-0.1
Jalen Jones,SF,24,NOP,4,19,5.1,.512,.250,.500,0.0,16.6,8.6,0.0,0.0,0.0,0.0,11.1,0.0,0.0,0.0,.052,-6.1,-4.8,-10.9,0.0
Jalen Jones,SF,24,DAL,9,88,10.8,.491,.313,.188,9.8,16.9,13.3,3.5,1.1,0.0,8.0,19.4,0.0,0.1,0.1,.045,-3.4,-3.0,-6.4,-0.1
Player,Pos,Age,Tm,G,MP,PER,TS%,3PAr,FTr,ORB%,DRB%,TRB%,AST%,STL%,BLK%,TOV%,USG%,OWS,DWS,WS,WS/48,OBPM,DBPM,BPM,VORP
Tyus Jones,PG,21,MIN,76,1343,14.0,.572,.369,.244,1.4,9.7,5.5,20.9,3.2,0.3,13.7,12.5,2.2,1.1,3.3,.117,0.9,-0.3,0.5,0.9
DeAndre Jordan,C,29,LAC,70,2240,20.4,.657,.000,.534,14.8,37.7,26.4,7.1,0.8,2.5,16.0,15.0,5.8,3.4,9.2,.197,0.6,1.9,2.5,2.5
Cory Joseph,PG,26,IND,75,2047,11.2,.505,.311,.166,2.1,11.6,6.9,15.8,1.9,0.7,11.4,14.6,1.2,2.0,3.2,.075,-1.1,0.3,-0.8,0.6
Frank Kaminsky,PF,24,CHO,73,1685,14.5,.544,.379,.275,2.8,14.5,8.5,10.9,1.0,0.9,7.5,20.5,2.1,1.3,3.4,.096,0.2,-1.2,-1.0,0.4
Enes Kanter,C,25,NYK,71,1830,24.0,.630,.003,.258,16.7,30.6,23.7,9.4,1.0,1.8,13.3,21.8,5.5,2.1,7.6,.199,2.5,0.1,2.6,2.1
Luke Kennard,SG,21,DET,65,1252,11.6,.552,.433,.140,1.7,11.6,6.5,12.3,1.5,0.8,12.6,16.9,0.8,1.3,2.0,.077,-1.4,-0.4,-1.8,0.1
Michael Kidd-Gilchrist,SF,24,CHO,68,1699,12.6,.532,.004,.298,5.0,13.2,9.0,6.0,1.3,1.5,7.3,16.2,1.5,1.5,3.1,.086,-2.1,0.3,-1.8,0.1
Sean Kilpatrick,SG,28,TOT,44,444,9.0,.475,.508,.215,0.7,15.3,8.0,11.3,0.8,0.4,11.2,23.9,-0.4,0.2,-0.2,-0.025,-4.0,-4.0,-8.0,-0.7
Sean Kilpatrick,SG,28,BRK,16,183,5.2,.419,.488,.221,0.6,20.0,10.2,12.6,0.5,0.4,14.5,26.1,-0.5,0.1,-0.4,-0.109,-6.9,-3.1,-10.0,-0.4
Sean Kilpatrick,SG,28,MIL,23,205,11.3,.515,.561,.232,0.6,13.7,7.2,11.0,1.2,0.4,9.1,22.0,0.0,0.1,0.2,.035,-2.0,-4.1,-6.1,-0.2
Sean Kilpatrick,SG,28,LAC,4,38,10.5,.503,.389,.111,0.0,5.7,2.9,12.1,0.0,0.0,5.0,22.6,0.0,0.0,0.0,.032,-2.1,-5.7,-7.8,-0.1
Sean Kilpatrick,SG,28,CHI,1,18,17.4,.607,.444,.222,5.8,6.2,6.0,0.0,0.0,0.0,9.2,26.3,0.0,0.0,0.0,.031,-1.0,-8.8,-9.8,0.0
Maxi Kleber,PF,26,DAL,65,1062,12.5,.550,.395,.203,6.6,14.0,10.2,6.2,1.2,3.2,7.5,13.7,1.2,1.0,2.3,.103,-1.3,1.0,-0.3,0.5
Furkan Korkmaz,SG,20,PHI,9,56,2.1,.345,.600,.200,4.0,11.2,7.7,7.2,0.9,1.5,8.4,18.1,-0.1,0.1,-0.1,-0.053,-6.2,-2.0,-8.2,-0.1
Luke Kornet,PF,22,NYK,14,204,13.0,.453,.667,.049,5.5,17.3,11.4,9.8,1.2,4.7,3.5,18.3,0.1,0.2,0.3,.066,-0.2,0.3,0.1,0.1
Kyle Korver,SG,36,CLE,69,1501,13.6,.652,.779,.148,0.7,10.7,5.7,8.0,0.9,1.5,9.0,16.1,2.8,0.5,3.3,.106,2.3,-2.3,0.0,0.8
Kosta Koufos,C,28,SAC,70,1370,17.6,.566,.000,.185,11.8,27.9,19.5,9.6,1.7,2.2,10.6,15.2,2.3,1.4,3.7,.131,-0.8,1.2,0.4,0.8
Kyle Kuzma,PF,22,LAL,72,2218,14.3,.550,.419,.198,4.0,17.7,10.9,9.1,0.9,1.2,10.6,22.1,1.6,2.1,3.8,.082,-0.3,-1.0,-1.3,0.4
Mindaugas Kuzminskas,SF,28,NYK,1,2,-41.1,.000,.000,.000,0.0,0.0,0.0,0.0,0.0,0.0,0.0,43.6,0.0,0.0,0.0,-1.059,-36.5,-12.7,-49.2,0.0
Skal Labissiere,PF,21,SAC,57,1167,15.2,.521,.106,.261,8.7,18.1,13.2,9.0,1.0,3.9,11.5,21.1,0.7,0.8,1.6,.065,-2.2,0.0,-2.3,-0.1
Jeremy Lamb,SG,25,CHO,75,1857,17.2,.559,.308,.261,2.7,15.9,9.2,15.5,1.5,1.4,9.1,22.6,2.9,1.8,4.7,.123,1.1,-0.2,1.0,1.4
Shane Larkin,PG,25,BOS,50,686,10.2,.506,.387,.170,2.0,10.0,6.1,16.3,1.8,0.2,12.2,15.5,0.3,1.0,1.3,.089,-2.4,0.0,-2.4,-0.1
Joffrey Lauvergne,C,26,SAS,51,520,16.6,.542,.027,.242,13.2,22.7,17.9,11.7,0.9,0.5,13.8,20.5,0.6,0.7,1.3,.123,-1.4,-0.1,-1.5,0.1
Zach LaVine,SG,22,CHI,24,656,14.6,.499,.346,.301,1.4,14.4,7.7,18.5,1.8,0.5,9.7,29.6,-0.1,0.4,0.3,.023,-0.7,-2.1,-2.8,-0.1
Player,Pos,Age,Tm,G,MP,PER,TS%,3PAr,FTr,ORB%,DRB%,TRB%,AST%,STL%,BLK%,TOV%,USG%,OWS,DWS,WS,WS/48,OBPM,DBPM,BPM,VORP
Jake Layman,SF,23,POR,31,153,3.9,.331,.432,.068,2.9,7.1,5.0,8.9,2.0,2.1,9.9,14.5,-0.3,0.2,-0.1,-0.036,-5.7,0.4,-5.3,-0.1
T.J. Leaf,PF,20,IND,49,424,10.5,.554,.322,.099,7.0,13.2,10.1,2.7,0.6,0.8,7.3,14.3,0.5,0.3,0.8,.085,-1.9,-2.7,-4.6,-0.3
Courtney Lee,SG,32,NYK,72,2203,12.8,.559,.370,.174,1.4,9.2,5.3,11.4,1.8,0.6,9.7,16.8,2.4,1.2,3.6,.079,0.7,-0.6,0.0,1.1
Damion Lee,SG,25,ATL,8,205,12.8,.525,.460,.270,1.6,16.5,9.1,11.7,2.6,0.4,7.8,16.3,0.2,0.2,0.4,.082,-1.1,0.1,-1.0,0.0
"Walt Lemon, Jr.",PG,25,NOP,5,35,7.0,.491,.063,.188,0.0,6.0,3.1,21.3,0.0,2.3,18.8,26.4,-0.1,0.0,-0.1,-0.074,-7.4,-4.3,-11.7,-0.1
Alex Len,C,24,PHO,65,1292,19.3,.613,.000,.631,13.3,27.0,20.0,8.6,1.0,3.7,14.3,16.5,2.9,1.2,4.1,.153,-0.5,1.3,0.7,0.9
Kawhi Leonard,SF,26,SAS,9,210,25.9,.572,.315,.342,3.2,19.1,11.1,17.7,4.3,3.6,11.1,30.6,0.3,0.5,0.9,.198,2.7,3.3,5.9,0.4
Meyers Leonard,C,25,POR,28,204,17.6,.670,.339,.161,5.4,23.9,14.7,10.0,1.2,0.0,9.5,15.8,0.6,0.3,0.8,.200,1.2,-0.6,0.6,0.1
Jon Leuer,PF,28,DET,8,136,8.9,.505,.083,.417,5.5,20.8,13.0,5.3,0.4,2.0,14.1,16.1,0.0,0.1,0.1,.051,-5.7,-0.3,-5.9,-0.1
Caris LeVert,SF,23,BRK,65,1691,14.3,.526,.331,.257,3.2,11.9,7.5,25.5,2.1,0.9,15.7,22.7,0.6,1.3,2.0,.056,-0.2,-0.2,-0.4,0.7
DeAndre Liggins,SG,29,TOT,54,707,6.3,.489,.515,.050,1.2,10.9,6.1,8.2,2.6,1.7,16.2,7.8,-0.1,0.7,0.6,.039,-3.2,1.2,-2.0,0.0
DeAndre Liggins,SG,29,MIL,31,480,5.0,.424,.554,.077,1.2,10.8,6.0,7.3,2.8,1.8,16.2,7.6,-0.3,0.5,0.2,.021,-3.7,1.4,-2.3,0.0
DeAndre Liggins,SG,29,NOP,23,227,9.0,.611,.444,.000,1.0,11.1,6.2,10.0,2.1,1.4,16.3,8.2,0.2,0.2,0.4,.078,-2.1,0.8,-1.3,0.0
Damian Lillard,PG,27,POR,67,2452,25.0,.595,.439,.374,2.5,10.9,6.7,30.4,1.4,0.9,11.3,30.5,8.9,2.5,11.4,.223,7.4,-0.9,6.5,5.3
Jeremy Lin,PG,29,BRK,1,25,16.0,.597,.167,.583,0.0,0.0,0.0,27.2,0.0,0.0,16.6,31.3,0.0,0.0,0.0,.087,-3.0,-10.4,-13.4,-0.1
Shaun Livingston,PG,32,GSW,65,1035,11.3,.532,.013,.173,3.7,8.9,6.5,16.5,1.4,1.5,14.0,16.6,0.7,0.9,1.7,.077,-2.7,-0.9,-3.5,-0.4
Kevon Looney,C,21,GSW,59,746,14.2,.576,.019,.423,11.3,15.4,13.5,6.4,1.7,4.7,12.7,12.5,1.1,1.1,2.2,.141,-1.1,2.0,0.9,0.6
Brook Lopez,C,29,LAL,66,1554,16.7,.557,.411,.200,4.8,13.3,9.0,11.8,0.9,4.9,10.5,23.7,1.6,1.8,3.4,.106,0.4,0.4,0.7,1.1
Robin Lopez,C,29,CHI,62,1642,14.8,.552,.021,.140,8.3,10.0,9.1,12.3,0.4,2.7,13.3,20.4,1.2,0.7,1.9,.055,-1.6,-0.4,-2.0,0.0
Kevin Love,C,29,CLE,53,1466,22.8,.613,.438,.364,7.5,29.6,18.7,9.9,1.2,1.3,9.6,25.6,4.3,1.4,5.7,.187,2.7,-1.6,1.1,1.1
Kyle Lowry,PG,31,TOR,71,2292,20.1,.608,.628,.290,3.2,16.1,9.8,30.6,1.7,0.5,14.4,21.6,7.0,2.8,9.8,.205,5.8,0.4,6.2,4.7
Timothe Luwawu-Cabarrot,SF,22,PHI,52,807,7.1,.511,.592,.217,1.9,7.5,4.8,9.4,0.7,0.5,11.5,17.5,0.1,0.7,0.8,.045,-2.3,-2.4,-4.7,-0.6
Player,Pos,Age,Tm,G,MP,PER,TS%,3PAr,FTr,ORB%,DRB%,TRB%,AST%,STL%,BLK%,TOV%,USG%,OWS,DWS,WS,WS/48,OBPM,DBPM,BPM,VORP
Tyler Lydon,PF,21,DEN,1,2,0.0,,,,0.0,0.0,0.0,0.0,0.0,0.0,,0.0,0.0,0.0,0.0,-0.014,-5.6,-0.9,-6.5,0.0
Trey Lyles,PF,22,DEN,67,1318,18.0,.593,.400,.256,4.4,23.7,14.0,9.7,1.1,2.1,9.1,21.3,2.5,1.1,3.6,.133,0.6,-1.5,-0.8,0.4
Shelvin Mack,PG,27,ORL,61,1178,13.4,.525,.325,.242,1.8,11.6,6.7,28.5,2.0,0.5,16.7,17.4,0.9,0.8,1.7,.069,-1.2,-1.2,-2.3,-0.1
Josh Magette,PG,28,ATL,16,178,12.2,.455,.472,.222,1.3,8.9,5.1,38.4,1.9,0.0,15.0,11.4,0.3,0.1,0.4,.098,-2.2,-3.5,-5.6,-0.2
Ian Mahinmi,C,31,WAS,71,1064,13.0,.618,.009,.517,13.8,17.0,15.4,6.7,1.7,3.2,24.4,15.6,1.0,1.3,2.4,.107,-1.6,1.7,0.0,0.5
Thon Maker,C,20,MIL,71,1205,10.5,.502,.326,.293,7.3,14.4,10.9,5.4,1.6,3.7,10.8,14.6,0.4,1.1,1.5,.062,-2.6,0.2,-2.3,-0.1
Boban Marjanovic,C,29,TOT,33,263,23.6,.602,.000,.525,12.9,29.1,20.9,12.5,1.5,3.6,17.1,29.3,0.5,0.4,1.0,.174,-1.5,0.8,-0.7,0.1
Boban Marjanovic,C,29,DET,19,171,21.6,.597,.000,.570,9.4,27.8,18.4,14.5,1.2,3.1,18.2,31.2,0.2,0.3,0.5,.138,-2.5,0.6,-2.0,0.0
Boban Marjanovic,C,29,LAC,14,92,27.3,.613,.000,.436,19.4,31.7,25.7,8.9,2.1,4.6,14.7,25.6,0.3,0.2,0.5,.241,0.4,1.2,1.7,0.1
Lauri Markkanen,PF,20,CHI,62,1876,14.8,.543,.463,.177,4.0,23.4,13.4,6.2,0.9,1.7,8.2,21.5,1.2,1.4,2.6,.066,-1.0,-1.3,-2.3,-0.1
Jarell Martin,PF,23,MEM,70,1578,10.6,.513,.197,.238,6.8,16.0,11.3,6.8,1.2,2.8,13.2,17.1,0.1,1.3,1.4,.044,-3.2,0.1,-3.1,-0.4
Frank Mason,PG,23,SAC,47,904,13.5,.485,.208,.309,3.5,12.0,7.6,23.1,1.9,0.9,13.2,22.5,0.1,0.5,0.6,.032,-1.7,-1.4,-3.1,-0.3
Mangok Mathiang,C,25,CHO,4,20,18.1,.538,.000,.143,15.9,38.8,27.1,0.0,2.4,0.0,0.0,16.1,0.0,0.0,0.1,.183,-4.2,-5.7,-10.0,0.0
Wesley Matthews,SF,31,DAL,63,2131,11.4,.541,.577,.145,1.4,9.1,5.2,12.3,1.8,0.7,10.1,17.6,1.0,1.6,2.7,.060,0.3,-0.1,0.1,1.1
Luc Mbah a Moute,PF,31,HOU,55,1431,10.1,.605,.506,.272,1.6,11.9,6.8,5.2,1.9,1.4,15.3,12.7,0.8,1.8,2.6,.087,-1.3,1.2,-0.1,0.7
James Michael McAdoo,PF,25,PHI,3,18,7.5,.508,1.000,.286,0.0,11.6,6.0,0.0,0.0,4.6,11.3,21.1,0.0,0.0,0.0,.022,-4.3,-4.5,-8.8,0.0
Patrick McCaw,SG,22,GSW,55,910,7.0,.471,.348,.138,2.1,7.0,4.7,10.8,2.1,0.8,15.2,12.7,-0.3,0.8,0.5,.028,-3.1,-0.5,-3.6,-0.4
C.J. McCollum,SG,26,POR,74,2669,17.6,.546,.319,.169,1.9,9.9,6.0,15.5,1.3,1.0,8.3,26.6,4.1,2.6,6.6,.119,1.9,-1.1,0.8,1.9
T.J. McConnell,PG,25,PHI,68,1585,12.2,.547,.154,.102,2.3,11.7,7.2,24.9,2.6,0.6,21.6,13.8,1.1,2.3,3.3,.101,-1.9,1.1,-0.8,0.5
Erik McCree,SF,24,UTA,4,8,-8.9,.000,.500,.000,0.0,14.1,7.1,0.0,6.3,0.0,33.3,16.9,-0.1,0.0,-0.1,-0.338,-17.3,2.5,-14.8,0.0
Chris McCullough,PF,22,WAS,19,90,15.8,.478,.190,.333,8.9,22.5,15.7,7.1,0.0,4.8,4.0,24.6,0.1,0.1,0.2,.083,-3.7,-1.9,-5.6,-0.1
Doug McDermott,SF,26,TOT,75,1655,10.6,.585,.427,.165,2.7,10.1,6.4,6.6,0.6,0.7,9.4,14.7,1.8,0.6,2.4,.068,-0.4,-1.6,-2.1,0.0
Doug McDermott,SF,26,NYK,55,1172,9.9,.562,.418,.162,3.1,9.5,6.4,6.0,0.4,0.9,8.8,14.3,1.1,0.3,1.4,.057,-0.6,-1.8,-2.4,-0.1
Doug McDermott,SF,26,DAL,20,483,12.2,.639,.449,.174,1.6,11.6,6.5,8.0,0.9,0.4,10.8,15.7,0.7,0.3,1.0,.097,-0.1,-1.2,-1.3,0.1
Player,Pos,Age,Tm,G,MP,PER,TS%,3PAr,FTr,ORB%,DRB%,TRB%,AST%,STL%,BLK%,TOV%,USG%,OWS,DWS,WS,WS/48,OBPM,DBPM,BPM,VORP
JaVale McGee,C,30,GSW,58,544,21.3,.631,.032,.249,10.4,19.5,15.3,8.3,1.7,7.8,10.1,18.4,1.4,1.0,2.4,.210,-0.1,2.9,2.8,0.7
Rodney McGruder,SG,26,MIA,13,225,11.0,.574,.463,.074,4.0,7.1,5.5,7.2,1.6,0.8,5.1,11.8,0.3,0.2,0.5,.108,-0.5,-0.5,-1.0,0.1
Trey McKinney-Jones,SG,27,IND,1,1,0.0,,,,0.0,0.0,0.0,0.0,0.0,0.0,,0.0,0.0,0.0,0.0,.001,-5.8,-0.1,-5.9,0.0
Alfonzo McKinnie,SF,25,TOR,13,49,9.2,.663,.615,.231,0.0,13.5,6.9,2.9,1.0,1.6,17.3,15.4,0.0,0.1,0.1,.076,-1.8,-1.5,-3.3,0.0
Ben McLemore,SG,24,MEM,49,889,9.3,.525,.435,.163,3.6,11.0,7.2,7.8,1.9,1.4,14.3,19.1,-0.3,0.7,0.4,.020,-2.4,-1.2,-3.7,-0.4
Josh McRoberts,PF,30,DAL,2,6,-12.5,.000,1.000,.000,0.0,0.0,0.0,0.0,0.0,0.0,0.0,7.6,0.0,0.0,0.0,-0.190,-9.7,-2.4,-12.1,0.0
Jodie Meeks,SG,30,WAS,70,1044,12.0,.537,.521,.309,1.6,10.9,6.3,9.1,1.3,0.3,7.6,18.9,1.1,0.7,1.8,.082,-0.6,-2.4,-3.0,-0.3
Salah Mejri,C,31,DAL,59,706,18.0,.647,.022,.444,12.6,25.8,19.0,7.0,1.6,8.3,18.6,12.8,1.3,1.3,2.6,.180,-2.0,5.4,3.3,1.0
Jordan Mickey,PF,23,MIA,22,277,10.4,.506,.179,.231,7.4,25.4,16.4,4.9,1.1,3.1,16.5,16.7,-0.1,0.4,0.3,.051,-5.6,0.6,-5.0,-0.2
Khris Middleton,SF,26,MIL,74,2701,17.4,.580,.328,.279,1.7,15.1,8.5,17.6,1.9,0.6,11.7,24.4,4.2,2.1,6.3,.112,1.7,-1.3,0.4,1.6
C.J. Miles,SF,30,TOR,63,1193,14.1,.559,.764,.154,1.6,10.6,6.2,5.7,1.5,1.3,5.0,22.2,1.7,1.3,3.0,.119,2.4,-2.3,0.0,0.6
Darius Miller,SF,27,NOP,75,1766,9.2,.621,.751,.135,0.9,8.1,4.6,7.6,0.6,0.7,10.3,12.7,1.9,0.7,2.7,.072,0.6,-1.7,-1.2,0.4
Malcolm Miller,SF,24,TOR,15,126,8.9,.638,.750,.143,3.6,9.6,6.7,3.2,0.4,1.3,14.4,12.1,0.1,0.1,0.2,.086,-0.4,-1.6,-2.0,0.0
Patty Mills,PG,29,SAS,75,1880,12.2,.563,.607,.176,1.4,6.9,4.2,16.2,1.4,0.5,12.6,17.7,1.9,2.0,3.9,.101,1.0,-1.1,-0.1,0.9
Paul Millsap,PF,32,DEN,31,897,17.3,.554,.265,.359,5.4,18.7,12.0,14.3,2.0,3.3,13.0,21.9,1.1,1.0,2.0,.109,-0.1,0.9,0.8,0.6
Nikola Mirotic,PF,26,TOT,48,1276,17.5,.560,.527,.219,4.2,24.2,14.1,8.8,1.4,2.2,8.3,23.4,1.3,1.4,2.8,.104,0.7,-0.7,0.0,0.6
Nikola Mirotic,PF,26,CHI,25,622,22.0,.624,.533,.262,3.0,25.2,13.7,11.0,1.2,1.9,8.4,25.8,1.5,0.6,2.0,.156,3.3,-1.5,1.8,0.6
Nikola Mirotic,PF,26,NOP,23,654,13.2,.487,.520,.172,5.3,23.2,14.6,6.7,1.7,2.6,8.1,21.2,-0.1,0.9,0.7,.055,-1.7,0.0,-1.7,0.0
Donovan Mitchell,SG,21,UTA,72,2406,16.3,.539,.409,.207,2.1,10.2,6.2,19.4,2.3,0.9,12.6,29.1,0.9,3.4,4.3,.087,1.1,-0.2,0.9,1.8
Naz Mitrou-Long,SG,24,UTA,1,1,134.0,1.500,1.000,.000,0.0,0.0,0.0,0.0,0.0,0.0,0.0,45.1,0.1,0.0,0.1,2.712,68.8,-14.3,54.6,0.0
Malik Monk,SG,19,CHO,57,706,7.8,.438,.565,.081,1.2,8.2,4.6,14.8,1.1,0.6,8.5,23.2,-0.8,0.4,-0.4,-0.026,-2.4,-3.3,-5.7,-0.7
Greg Monroe,C,27,TOT,44,888,20.0,.587,.000,.291,11.6,24.9,18.2,17.0,1.9,1.8,17.9,22.3,1.2,1.2,2.4,.130,-0.6,1.8,1.2,0.7
Greg Monroe,C,27,MIL,5,79,11.1,.489,.000,.121,9.0,28.2,18.7,10.3,0.0,0.0,14.7,23.4,-0.1,0.0,0.0,-0.013,-6.1,-3.5,-9.6,-0.2
Greg Monroe,C,27,PHO,20,465,21.0,.642,.000,.297,11.2,25.9,18.4,18.3,1.6,1.0,18.6,19.6,1.0,0.4,1.4,.141,1.1,1.1,2.2,0.5
Greg Monroe,C,27,BOS,19,344,20.8,.549,.000,.324,12.6,22.9,17.8,16.9,2.8,3.2,17.7,25.6,0.3,0.8,1.1,.150,-1.5,4.0,2.4,0.4
Player,Pos,Age,Tm,G,MP,PER,TS%,3PAr,FTr,ORB%,DRB%,TRB%,AST%,STL%,BLK%,TOV%,USG%,OWS,DWS,WS,WS/48,OBPM,DBPM,BPM,VORP
Luis Montero,SG,24,DET,2,8,-15.5,.000,.000,.000,0.0,28.3,13.8,0.0,0.0,0.0,66.7,16.6,-0.1,0.0,-0.1,-0.444,-23.8,-2.0,-25.9,0.0
Ben Moore,PF,22,IND,2,9,-2.3,,,,0.0,12.4,6.3,13.1,0.0,0.0,,0.0,0.0,0.0,0.0,.075,-5.3,0.3,-5.0,0.0
E'Twaun Moore,SG,28,NOP,75,2379,11.6,.582,.356,.081,2.5,7.5,5.1,9.9,1.4,0.4,10.8,16.2,2.1,1.4,3.4,.070,0.3,-0.9,-0.7,0.8
Eric Moreland,PF,26,DET,59,662,13.0,.503,.000,.277,11.4,27.0,19.0,13.2,1.7,5.5,23.8,9.2,0.5,1.3,1.7,.126,-3.4,5.6,2.2,0.7
Jaylen Morris,SG,22,ATL,6,98,6.9,.452,.290,.000,2.3,16.1,9.2,10.8,1.0,0.9,16.2,16.5,-0.1,0.1,-0.1,-0.045,-5.8,-1.0,-6.9,-0.1
Marcus Morris,PF,28,BOS,49,1296,14.9,.548,.392,.233,3.7,18.7,11.3,7.8,1.2,0.6,8.0,22.5,1.3,2.0,3.3,.122,-0.7,-0.6,-1.3,0.2
Markieff Morris,PF,28,WAS,65,1768,13.4,.576,.293,.188,4.3,19.4,11.9,10.5,1.4,1.7,14.9,19.3,1.2,2.0,3.1,.085,-0.9,0.6,-0.3,0.7
Monte Morris,PG,22,DEN,3,25,27.1,.727,.167,.333,0.0,9.1,4.5,41.1,5.9,0.0,12.7,13.7,0.1,0.0,0.2,.311,3.6,-1.7,2.0,0.0
Johnathan Motley,PF,22,DAL,7,49,19.5,.564,.050,.850,6.6,35.1,20.5,7.5,0.0,3.6,9.8,28.3,0.0,0.1,0.1,.094,-4.8,-1.9,-6.6,-0.1
Timofey Mozgov,C,31,BRK,28,339,10.2,.589,.212,.294,8.7,18.7,13.6,3.6,0.7,2.4,24.4,16.2,-0.1,0.3,0.2,.026,-4.7,-0.6,-5.3,-0.3
Emmanuel Mudiay,PG,21,TOT,61,1198,12.2,.482,.282,.252,2.3,11.4,6.9,25.1,1.7,0.8,15.9,24.5,-0.4,0.7,0.3,.010,-2.2,-2.1,-4.2,-0.7
Emmanuel Mudiay,PG,21,DEN,42,752,12.3,.504,.317,.242,2.4,11.8,7.1,24.0,1.4,0.4,16.8,24.7,-0.1,0.3,0.3,.018,-2.1,-2.9,-5.0,-0.6
Emmanuel Mudiay,PG,21,NYK,19,446,12.2,.445,.222,.270,2.3,10.9,6.6,26.8,2.2,1.4,14.2,24.1,-0.4,0.4,0.0,-0.003,-2.2,-0.7,-2.9,-0.1
Shabazz Muhammad,SF-SG,25,TOT,39,370,14.4,.500,.150,.244,6.3,13.9,10.1,6.8,1.2,0.7,3.3,22.0,0.4,0.2,0.5,.068,-1.8,-3.6,-5.4,-0.3
Shabazz Muhammad,SF,25,MIN,32,301,9.3,.446,.157,.256,5.7,11.6,8.7,3.3,0.8,0.6,3.6,20.5,0.0,0.1,0.0,.006,-4.2,-4.3,-8.5,-0.5
Shabazz Muhammad,SG,25,MIL,7,69,36.6,.670,.128,.205,8.6,23.8,16.2,21.7,2.9,1.2,2.3,28.6,0.4,0.1,0.5,.339,8.3,-0.6,7.7,0.2
Xavier Munford,SG,25,MIL,6,21,-2.1,.218,.333,.333,5.7,0.0,2.8,24.8,2.4,0.0,22.5,19.2,-0.1,0.0,-0.1,-0.197,-9.4,-4.4,-13.8,-0.1
Dejounte Murray,PG,21,SAS,74,1552,14.6,.482,.053,.210,7.0,22.4,14.7,20.6,2.6,1.4,16.9,20.6,-0.3,3.0,2.7,.084,-2.5,3.3,0.9,1.1
Jamal Murray,PG,20,DEN,74,2295,16.1,.576,.411,.232,3.6,9.9,6.8,16.0,1.6,0.9,12.9,23.1,3.7,1.1,4.8,.101,1.8,-2.0,-0.2,1.0
Mike Muscala,C,26,ATL,46,879,15.4,.621,.486,.214,6.5,17.9,12.2,7.1,1.6,2.4,11.3,15.8,1.5,0.8,2.3,.124,0.4,0.2,0.7,0.6
Abdel Nader,SF,24,BOS,41,440,5.6,.462,.476,.266,2.5,11.5,7.1,7.2,1.5,1.5,17.3,17.0,-0.6,0.7,0.0,.001,-5.4,0.3,-5.0,-0.3
Larry Nance,C,25,TOT,59,1315,20.2,.611,.029,.329,12.5,21.8,17.2,8.7,3.0,2.1,9.9,15.9,3.4,2.1,5.4,.199,1.1,2.4,3.5,1.8
Larry Nance,C,25,LAL,42,922,19.4,.618,.016,.344,12.5,20.3,16.4,9.1,3.1,1.8,12.3,15.2,2.1,1.5,3.6,.190,1.0,2.7,3.7,1.3
Larry Nance,C,25,CLE,17,393,22.3,.598,.054,.300,12.4,25.3,19.0,7.8,2.7,3.0,4.5,17.4,1.2,0.6,1.8,.219,1.4,1.5,2.9,0.5
Shabazz Napier,PG,26,POR,67,1394,14.6,.551,.406,.267,1.8,9.9,5.9,15.0,2.7,0.8,13.5,19.6,1.2,1.8,3.1,.106,0.0,0.4,0.4,0.9
Jameer Nelson,PG,35,TOT,50,1013,8.2,.489,.508,.082,1.4,9.5,5.6,23.0,1.3,0.3,21.0,13.7,-0.1,0.6,0.5,.025,-2.6,-1.5,-4.1,-0.5
Jameer Nelson,PG,35,NOP,43,897,8.9,.520,.537,.083,1.4,10.0,5.8,22.4,1.2,0.3,20.9,13.0,0.3,0.5,0.8,.043,-1.9,-1.5,-3.4,-0.3
Jameer Nelson,PG,35,DET,7,116,2.6,.322,.359,.077,1.9,5.8,3.8,27.9,1.7,0.8,21.4,19.6,-0.4,0.1,-0.3,-0.107,-7.5,-2.1,-9.6,-0.2
Player,Pos,Age,Tm,G,MP,PER,TS%,3PAr,FTr,ORB%,DRB%,TRB%,AST%,STL%,BLK%,TOV%,USG%,OWS,DWS,WS,WS/48,OBPM,DBPM,BPM,VORP
Raul Neto,PG,25,UTA,39,478,12.3,.554,.313,.224,1.7,9.4,5.6,23.3,1.2,0.7,16.5,18.3,0.4,0.5,0.9,.094,-1.8,-1.3,-3.1,-0.1
Georges Niang,PF,24,UTA,6,15,18.4,.500,.167,.000,7.6,15.0,11.4,34.1,6.7,0.0,25.0,24.1,0.0,0.0,0.0,.081,-1.4,4.3,2.8,0.0
Joakim Noah,C,32,NYK,7,40,15.6,.510,.000,.400,16.7,22.1,19.4,14.0,2.5,4.3,25.4,17.2,0.0,0.1,0.1,.072,-2.3,3.4,1.1,0.0
Nerlens Noel,C,23,DAL,28,429,16.8,.560,.010,.277,11.4,27.8,19.3,5.9,3.5,4.2,16.9,14.4,0.4,0.9,1.3,.143,-3.1,4.5,1.3,0.4
Lucas Nogueira,C,25,TOR,45,384,17.1,.656,.247,.384,4.8,19.3,12.1,6.3,2.6,8.7,15.0,11.4,0.6,0.9,1.5,.182,-1.1,6.2,5.1,0.7
Dirk Nowitzki,C,39,DAL,74,1829,16.9,.578,.439,.145,1.3,25.0,12.8,10.4,1.2,2.1,6.1,20.5,2.6,2.1,4.7,.125,0.2,0.4,0.6,1.2
Frank Ntilikina,PG,19,NYK,73,1538,6.7,.434,.314,.152,2.3,9.2,5.7,19.9,1.9,0.8,20.3,16.9,-1.9,1.0,-0.9,-0.029,-3.7,-0.6,-4.3,-0.9
Jusuf Nurkic,C,23,POR,72,1885,18.9,.527,.008,.295,9.5,26.5,18.1,11.7,1.5,4.3,14.7,26.7,0.5,3.5,4.0,.101,-2.8,2.7,-0.1,0.9
David Nwaba,SG,25,CHI,62,1422,12.8,.569,.125,.552,5.5,16.0,10.6,8.5,1.8,1.7,13.1,14.8,1.4,1.2,2.6,.086,-2.2,1.0,-1.2,0.3
Johnny O'Bryant,PF,24,CHO,36,379,11.9,.470,.251,.146,8.1,19.0,13.4,5.9,1.0,1.3,7.6,22.5,-0.1,0.4,0.3,.038,-3.4,-2.2,-5.6,-0.3
Royce O'Neale,SF,24,UTA,62,980,10.4,.518,.419,.274,2.8,20.0,11.5,12.1,1.6,1.3,14.7,15.0,0.2,1.5,1.7,.085,-2.8,1.6,-1.2,0.2
Kyle O'Quinn,C,27,NYK,71,1228,19.5,.628,.033,.345,8.8,27.6,18.3,17.2,1.4,5.9,19.2,17.0,2.3,1.9,4.1,.161,0.0,4.2,4.2,1.9
Semi Ojeleye,PF,23,BOS,66,995,4.0,.448,.703,.247,3.6,10.9,7.3,2.4,1.0,0.2,10.2,8.8,-0.3,1.2,0.9,.044,-3.8,0.2,-3.6,-0.4
Emeka Okafor,C,35,NOP,21,321,17.0,.540,.000,.239,15.4,20.4,18.0,2.5,1.0,6.2,8.5,14.3,0.5,0.5,1.0,.147,-2.3,1.2,-1.1,0.1
Jahlil Okafor,C,22,TOT,27,336,14.3,.568,.023,.225,6.3,19.1,12.7,6.1,0.4,3.8,12.9,20.9,0.2,0.3,0.5,.069,-4.2,-0.5,-4.8,-0.2
Jahlil Okafor,C,22,PHI,2,25,8.9,.465,.000,.444,17.9,20.9,19.5,5.9,0.0,6.6,21.8,23.5,0.0,0.0,0.0,.002,-7.5,0.5,-7.0,0.0
Jahlil Okafor,C,22,BRK,25,311,14.7,.576,.025,.208,5.4,19.0,12.1,6.1,0.5,3.6,12.1,20.7,0.2,0.3,0.5,.074,-4.0,-0.6,-4.6,-0.2
Victor Oladipo,SG,25,IND,69,2361,22.5,.571,.324,.278,2.1,15.1,8.7,20.4,3.3,1.9,12.6,30.3,3.6,3.7,7.2,.147,3.1,1.1,4.2,3.7
Kelly Olynyk,PF,26,MIA,69,1642,17.7,.611,.439,.280,5.5,21.5,13.5,18.8,1.8,1.8,17.1,21.4,2.6,2.4,5.1,.148,1.6,1.4,3.0,2.1
Cedi Osman,SF,22,CLE,55,575,10.7,.601,.437,.219,2.8,17.3,10.1,6.7,1.5,0.4,14.0,14.8,0.4,0.4,0.8,.064,-1.8,-1.6,-3.4,-0.2
Kelly Oubre,SF,22,WAS,73,2012,12.7,.551,.462,.289,3.2,15.6,9.5,6.3,1.7,1.3,8.9,19.1,1.9,2.1,4.0,.095,-0.3,-0.5,-0.7,0.6
Zaza Pachulia,C,33,GSW,63,915,17.2,.612,.004,.343,11.2,25.3,18.8,15.6,1.9,1.2,18.6,17.2,1.8,1.4,3.2,.170,-0.2,1.3,1.1,0.7
Player,Pos,Age,Tm,G,MP,PER,TS%,3PAr,FTr,ORB%,DRB%,TRB%,AST%,STL%,BLK%,TOV%,USG%,OWS,DWS,WS,WS/48,OBPM,DBPM,BPM,VORP
Marcus Paige,PG,24,CHO,2,15,18.8,.507,.375,.250,0.0,22.1,10.8,22.0,0.0,0.0,0.0,25.7,0.0,0.0,0.0,.141,1.2,-3.5,-2.4,0.0
Georgios Papagiannis,C,20,SAC,16,118,10.7,.415,.000,.000,11.1,24.3,17.4,11.5,0.9,4.8,16.3,18.6,-0.2,0.1,-0.1,-0.022,-6.3,1.2,-5.1,-0.1
Jabari Parker,PF,22,MIL,23,501,16.3,.546,.239,.188,5.4,16.2,10.8,13.4,1.6,1.7,11.5,23.6,0.4,0.4,0.8,.074,-0.9,-1.5,-2.4,-0.1
Tony Parker,PG,35,SAS,48,958,13.7,.505,.090,.192,0.7,9.8,5.2,29.6,1.4,0.1,13.7,20.8,0.5,1.1,1.5,.078,-2.0,-1.5,-3.4,-0.3
Chandler Parsons,SF,29,MEM,36,691,13.6,.578,.517,.115,2.3,13.0,7.5,16.6,1.3,1.5,12.5,18.3,0.7,0.4,1.2,.080,0.3,-1.4,-1.1,0.2
Patrick Patterson,PF,28,OKC,75,1182,9.5,.542,.631,.176,2.7,14.5,8.4,5.9,1.8,1.7,10.9,10.7,0.9,1.3,2.2,.090,-2.0,0.3,-1.7,0.1
Brandon Paul,SG,26,SAS,60,556,7.2,.493,.430,.339,1.2,12.2,6.7,9.2,2.3,1.0,16.8,13.4,-0.3,0.9,0.5,.044,-3.8,1.2,-2.6,-0.1
Chris Paul,PG,32,HOU,54,1720,24.6,.604,.470,.292,2.4,17.2,9.8,40.8,2.7,0.7,12.8,24.4,7.0,2.6,9.6,.268,6.2,1.2,7.3,4.1
Adreian Payne,PF,26,ORL,5,43,18.8,.831,.300,.600,5.1,18.1,11.6,0.0,2.3,0.0,13.7,15.0,0.1,0.0,0.2,.200,0.2,-4.2,-4.1,0.0
Cameron Payne,PG,23,CHI,17,376,14.9,.496,.437,.085,3.3,10.6,6.8,28.5,2.6,1.6,12.0,19.4,0.3,0.3,0.6,.076,0.2,-0.3,-0.1,0.2
Elfrid Payton,PG,23,TOT,63,1808,16.5,.538,.138,.252,3.9,12.8,8.3,34.8,2.2,1.0,18.5,21.8,1.4,1.3,2.8,.073,0.1,-0.1,0.1,1.0
Elfrid Payton,PG,23,ORL,44,1257,18.1,.564,.146,.249,4.1,11.3,7.7,35.2,2.5,1.0,18.3,21.8,1.6,1.0,2.7,.102,1.1,0.0,1.1,1.0
Elfrid Payton,PG,23,PHO,19,551,13.1,.481,.120,.258,3.2,16.5,9.7,33.9,1.6,0.9,18.8,22.0,-0.2,0.3,0.1,.008,-2.0,-0.3,-2.3,0.0
Gary Payton,PG,25,TOT,19,149,7.6,.414,.319,.064,6.1,11.7,8.9,12.4,1.0,1.7,5.8,15.3,0.0,0.1,0.1,.022,-3.5,-1.7,-5.2,-0.1
Gary Payton,PG,25,MIL,12,106,7.6,.437,.364,.091,4.5,14.4,9.5,12.2,1.4,0.8,8.0,16.0,0.0,0.1,0.0,.017,-3.5,-2.0,-5.5,-0.1
Gary Payton,PG,25,LAL,7,43,7.7,.357,.214,.000,9.9,4.9,7.4,12.8,0.0,3.8,0.0,13.8,0.0,0.0,0.0,.033,-3.5,-0.8,-4.3,0.0
London Perrantes,PG,23,CLE,12,32,-0.2,.237,.200,.600,0.0,6.9,3.5,19.3,0.0,0.0,13.7,10.1,-0.1,0.0,-0.1,-0.084,-8.0,-4.0,-12.0,-0.1
Alec Peters,PF,22,PHO,14,124,6.3,.378,.854,.073,4.2,14.1,9.0,10.2,0.0,1.3,2.3,14.8,-0.1,0.0,-0.1,-0.024,-2.7,-3.0,-5.7,-0.1
Marshall Plumlee,C,25,MIL,7,45,13.1,.697,.000,5.333,10.5,31.3,21.0,5.6,0.0,1.9,23.0,13.1,0.1,0.0,0.2,.164,-3.5,-1.8,-5.3,0.0
Mason Plumlee,C,27,DEN,67,1346,16.7,.579,.003,.483,10.2,21.1,15.6,14.6,1.7,4.7,18.9,16.6,1.5,1.6,3.2,.113,-1.1,2.7,1.6,1.2
Miles Plumlee,C,29,ATL,48,799,10.1,.565,.000,.309,8.9,18.0,13.4,7.0,1.0,3.0,24.3,13.3,-0.1,0.6,0.5,.030,-4.3,1.3,-2.9,-0.2
Jakob Poeltl,C,22,TOR,75,1375,17.2,.644,.006,.269,12.8,16.2,14.6,5.8,1.1,5.6,16.1,14.8,2.8,2.1,4.9,.171,0.3,2.9,3.2,1.8
Quincy Pondexter,SF,29,CHI,23,196,4.0,.398,.449,.347,4.2,10.8,7.4,6.3,2.0,0.9,16.3,15.0,-0.3,0.1,-0.2,-0.049,-6.1,-0.7,-6.8,-0.2
Otto Porter,SF,24,WAS,70,2240,18.2,.595,.345,.149,4.6,18.2,11.5,10.2,2.5,1.4,7.1,18.4,4.5,2.9,7.5,.160,2.3,1.3,3.6,3.2
Player,Pos,Age,Tm,G,MP,PER,TS%,3PAr,FTr,ORB%,DRB%,TRB%,AST%,STL%,BLK%,TOV%,USG%,OWS,DWS,WS,WS/48,OBPM,DBPM,BPM,VORP
Bobby Portis,PF,22,CHI,65,1462,20.0,.548,.279,.205,10.2,22.3,16.0,14.1,1.5,1.0,9.7,25.9,2.1,1.2,3.4,.110,1.5,-0.8,0.7,1.0
Kristaps Porzingis,PF,22,NYK,48,1553,20.4,.539,.258,.309,4.5,18.1,11.3,6.2,1.1,6.4,8.4,31.0,1.4,1.8,3.3,.101,-0.4,-0.2,-0.6,0.5
Dwight Powell,C,26,DAL,73,1525,18.8,.656,.163,.427,8.8,21.2,14.8,8.2,2.0,1.7,10.2,15.5,4.2,1.9,6.1,.192,1.0,1.6,2.6,1.8
Norman Powell,SG,24,TOR,63,982,8.5,.498,.481,.114,1.4,10.3,6.0,11.7,1.7,1.2,14.5,18.7,-0.5,1.1,0.6,.029,-2.4,-0.4,-2.8,-0.2
Alex Poythress,PF,24,IND,24,101,8.5,.520,.440,.000,7.9,11.1,9.5,2.7,1.5,0.9,7.4,11.9,0.1,0.1,0.2,.079,-1.8,-1.6,-3.4,0.0
Jacob Pullen,PG,28,PHI,3,6,-2.3,.500,.500,.000,0.0,0.0,0.0,0.0,0.0,0.0,33.3,21.4,0.0,0.0,0.0,-0.213,-10.5,-4.8,-15.3,0.0
Rodney Purvis,SG,23,ORL,8,120,7.1,.534,.575,.175,0.0,7.4,3.7,4.9,0.8,1.3,12.2,18.0,0.0,0.0,0.0,-0.004,-3.3,-3.0,-6.3,-0.1
Zhou Qi,C,22,HOU,16,87,0.6,.303,.593,.370,6.6,16.7,11.7,1.5,1.1,6.8,18.2,19.4,-0.4,0.1,-0.2,-0.119,-10.5,0.6,-9.9,-0.2
Ivan Rabb,PF,20,MEM,29,338,16.0,.616,.000,.232,12.1,21.7,16.8,11.0,1.2,1.7,19.9,17.4,0.4,0.3,0.7,.103,-1.7,-0.1,-1.8,0.0
Julius Randle,C,23,LAL,74,1975,20.2,.609,.051,.454,8.9,23.0,16.0,15.2,1.0,1.8,16.0,25.1,3.7,2.4,6.1,.148,0.5,0.6,1.1,1.5
Zach Randolph,PF,36,SAC,59,1508,17.3,.529,.193,.140,7.0,23.7,15.0,14.8,1.4,0.6,12.5,27.6,0.3,1.1,1.4,.044,-0.6,-1.4,-2.0,0.0
Xavier Rathan-Mayes,SG,23,MEM,5,118,0.9,.315,.333,.214,0.0,5.0,2.5,23.2,2.6,2.4,19.3,21.7,-0.5,0.1,-0.4,-0.168,-8.7,-1.9,-10.6,-0.3
J.J. Redick,SG,33,PHI,63,1911,15.2,.606,.535,.254,0.5,8.4,4.6,15.1,0.8,0.2,9.7,21.3,4.1,1.6,5.7,.142,2.3,-2.5,-0.2,0.8
Davon Reed,SG,22,PHO,17,185,5.7,.397,.491,.140,1.1,17.1,8.9,6.9,2.3,0.9,10.4,15.4,-0.3,0.1,-0.2,-0.044,-5.5,-0.6,-6.2,-0.2
Willie Reed,C,27,TOT,42,428,19.1,.671,.017,.455,9.1,21.7,15.5,3.6,1.0,4.3,11.6,16.6,1.0,0.5,1.6,.176,-0.9,0.1,-0.8,0.1
Willie Reed,C,27,LAC,39,419,19.3,.669,.017,.458,9.3,21.9,15.7,3.3,1.0,4.4,11.6,16.8,1.0,0.5,1.5,.176,-0.9,0.2,-0.7,0.1
Willie Reed,C,27,DET,3,9,8.7,1.000,.000,.000,0.0,12.6,6.1,16.0,0.0,0.0,0.0,4.9,0.0,0.0,0.0,.188,-0.4,-2.1,-2.5,0.0
Josh Richardson,SF,24,MIA,74,2465,13.5,.556,.391,.157,3.0,8.6,5.8,13.2,2.3,2.3,13.4,18.2,1.7,3.2,4.8,.094,0.0,1.4,1.3,2.1
Malachi Richardson,SG,22,TOT,26,324,5.9,.446,.444,.244,1.7,10.7,6.0,5.6,1.6,0.3,9.1,15.2,-0.2,0.1,-0.1,-0.019,-4.2,-2.3,-6.5,-0.4
Malachi Richardson,SG,22,SAC,25,319,5.8,.445,.443,.250,1.7,10.5,5.9,5.7,1.6,0.3,9.3,15.1,-0.2,0.1,-0.1,-0.020,-4.2,-2.2,-6.4,-0.4
Malachi Richardson,SG,22,TOR,1,5,10.5,.500,.500,.000,0.0,22.1,11.2,0.0,0.0,0.0,0.0,17.5,0.0,0.0,0.0,.044,-5.1,-6.5,-11.6,0.0
Austin Rivers,SG,25,LAC,55,1860,13.1,.535,.445,.188,1.4,6.5,4.0,16.9,1.8,0.7,10.7,20.7,1.5,1.1,2.6,.068,1.0,-1.3,-0.4,0.8
Andre Roberson,SG,26,OKC,39,1037,10.9,.543,.222,.235,7.8,12.2,9.9,6.0,2.2,3.1,14.4,8.7,0.8,1.3,2.2,.100,-1.3,2.8,1.5,0.9
Glenn Robinson,SF,24,IND,16,217,10.3,.490,.321,.132,3.2,8.8,6.0,7.4,2.3,0.4,3.4,11.9,0.2,0.2,0.4,.082,-1.7,-0.3,-2.0,0.0
Player,Pos,Age,Tm,G,MP,PER,TS%,3PAr,FTr,ORB%,DRB%,TRB%,AST%,STL%,BLK%,TOV%,USG%,OWS,DWS,WS,WS/48,OBPM,DBPM,BPM,VORP
Rajon Rondo,PG,31,NOP,58,1505,15.2,.521,.301,.094,2.1,14.2,8.3,41.4,1.9,0.5,21.9,16.8,1.7,1.4,3.1,.098,-0.4,-0.8,-1.2,0.3
Derrick Rose,PG,29,TOT,21,366,12.2,.515,.164,.267,4.0,6.1,5.1,14.6,0.7,0.9,14.8,26.2,-0.1,0.0,-0.1,-0.011,-3.5,-4.0,-7.5,-0.5
Derrick Rose,PG,29,CLE,16,308,11.5,.523,.182,.311,3.7,6.8,5.3,13.0,0.5,1.1,15.7,25.6,-0.1,0.0,-0.1,-0.015,-3.9,-3.8,-7.7,-0.5
Derrick Rose,PG,29,MIN,5,58,16.0,.481,.091,.091,5.9,2.0,4.0,23.2,1.7,0.0,10.4,29.2,0.0,0.0,0.0,.010,-1.4,-4.9,-6.3,-0.1
Terrence Ross,SG,26,ORL,22,576,10.2,.515,.480,.198,1.9,11.6,6.7,8.8,2.3,1.2,11.5,16.6,-0.1,0.5,0.4,.034,-1.8,0.0,-1.8,0.0
Terry Rozier,PG,23,BOS,75,1915,15.4,.528,.507,.189,3.4,16.1,9.9,16.7,2.0,0.7,8.0,20.5,2.3,3.2,5.6,.139,1.0,1.0,2.0,2.0
Ricky Rubio,PG,27,UTA,71,2124,14.3,.522,.326,.310,2.1,15.1,8.6,28.3,2.7,0.4,18.6,22.7,0.5,3.5,4.0,.090,-0.6,1.6,0.9,1.6
D'Angelo Russell,PG,21,BRK,41,1070,15.8,.512,.386,.218,2.7,13.7,8.1,35.2,1.3,1.1,16.1,30.9,-0.2,0.7,0.5,.023,1.0,-1.2,-0.2,0.5
Domantas Sabonis,C,21,IND,67,1653,17.4,.571,.056,.352,10.5,25.3,18.0,12.6,1.0,1.5,15.9,21.8,2.3,2.1,4.3,.126,-0.8,0.5,-0.3,0.7
JaKarr Sampson,SF,24,SAC,16,245,14.1,.673,.170,.170,5.8,20.5,12.8,4.7,1.4,5.4,10.6,10.4,0.4,0.3,0.7,.134,-1.6,2.0,0.4,0.1
Dario Saric,PF,23,PHI,73,2204,16.3,.590,.444,.242,7.6,16.8,12.3,13.1,1.1,0.8,13.1,20.8,3.9,2.7,6.6,.143,1.9,-0.1,1.8,2.1
Tomas Satoransky,SG,26,WAS,65,1415,15.6,.618,.271,.280,4.7,10.8,7.8,25.3,1.7,0.8,16.3,13.8,3.3,1.2,4.5,.151,1.4,-0.2,1.2,1.2
Dennis Schroder,PG,24,ATL,67,2078,17.4,.515,.229,.231,2.4,8.9,5.6,36.3,1.7,0.2,12.7,30.5,1.6,0.9,2.5,.058,1.4,-2.3,-0.9,0.6
Mike Scott,PF,29,WAS,68,1233,13.5,.605,.312,.139,3.8,15.8,9.8,8.7,0.9,0.7,13.2,19.8,1.2,1.0,2.1,.083,-0.6,-1.6,-2.2,-0.1
Thabo Sefolosha,SF,33,UTA,38,806,15.9,.591,.350,.225,4.1,18.5,11.3,6.4,3.2,1.3,10.2,16.4,1.0,1.6,2.6,.153,-0.4,2.2,1.8,0.8
Wayne Selden,SG,23,MEM,33,638,11.9,.551,.456,.222,2.7,7.0,4.8,16.2,1.4,0.6,15.5,22.7,0.1,0.3,0.4,.028,-0.7,-3.1,-3.9,-0.3
Ramon Sessions,PG,31,TOT,23,358,9.8,.469,.227,.482,1.6,9.3,5.5,25.0,1.7,0.5,18.4,20.0,-0.1,0.2,0.1,.013,-3.6,-2.0,-5.6,-0.3
Ramon Sessions,PG,31,NYK,13,167,6.2,.403,.208,.283,0.7,11.3,6.0,21.9,2.1,0.5,20.1,19.5,-0.3,0.1,-0.2,-0.064,-5.9,-1.2,-7.1,-0.2
Ramon Sessions,PG,31,WAS,10,191,13.0,.522,.246,.667,2.4,7.7,5.0,27.7,1.3,0.5,16.9,20.5,0.2,0.1,0.3,.080,-1.7,-2.7,-4.4,-0.1
Iman Shumpert,SG,27,CLE,14,276,6.2,.480,.448,.259,2.9,13.6,8.3,8.1,1.6,1.2,20.8,13.1,-0.2,0.2,-0.1,-0.012,-4.0,-0.2,-4.2,-0.2
Pascal Siakam,PF,23,TOR,74,1522,15.0,.557,.273,.179,5.7,18.8,12.4,13.4,1.8,2.0,11.0,15.9,2.2,2.2,4.4,.139,0.3,2.0,2.3,1.7
Ben Simmons,PG,21,PHI,73,2499,19.4,.552,.012,.343,6.1,18.7,12.6,36.9,2.4,2.0,19.5,22.2,3.6,4.3,7.9,.152,0.8,3.3,4.1,3.9
Jonathon Simmons,SG,28,ORL,69,2029,12.7,.555,.268,.317,3.3,9.8,6.5,13.2,1.4,0.6,14.4,21.9,0.8,1.0,1.8,.042,-1.0,-1.4,-2.4,-0.2
Kobi Simmons,PG,20,MEM,25,450,7.4,.478,.169,.123,2.5,7.4,4.9,14.7,1.6,1.0,17.5,16.6,-0.4,0.2,-0.1,-0.014,-4.6,-1.4,-6.0,-0.5
Player,Pos,Age,Tm,G,MP,PER,TS%,3PAr,FTr,ORB%,DRB%,TRB%,AST%,STL%,BLK%,TOV%,USG%,OWS,DWS,WS,WS/48,OBPM,DBPM,BPM,VORP
Kyle Singler,SF,29,OKC,12,59,5.9,.430,.238,.619,1.8,17.5,9.4,4.8,0.8,0.0,10.1,21.7,-0.1,0.0,0.0,-0.030,-7.7,-4.2,-11.8,-0.1
Marcus Smart,SG,23,BOS,54,1614,10.8,.479,.483,.258,3.0,9.7,6.4,23.8,2.2,1.2,18.4,19.5,-0.6,2.6,2.0,.058,-1.6,1.2,-0.4,0.6
Dennis Smith,PG,20,DAL,64,1890,12.6,.474,.336,.197,2.6,11.7,7.0,28.3,1.7,0.8,14.8,28.9,-2.3,1.5,-0.7,-0.018,-1.6,-0.8,-2.4,-0.2
Ish Smith,PG,29,DET,74,1878,14.8,.516,.103,.157,1.5,10.7,6.0,27.4,1.6,0.8,11.2,20.6,1.8,1.9,3.7,.094,-1.1,-0.5,-1.6,0.2
J.R. Smith,SG,32,CLE,73,2080,8.4,.532,.653,.095,1.5,10.0,5.8,8.7,1.5,0.5,11.5,13.7,0.5,0.8,1.3,.031,-0.7,-1.0,-1.7,0.2
Jason Smith,C,31,WAS,30,258,8.5,.449,.279,.183,7.5,13.5,10.5,8.1,0.6,3.7,11.8,21.8,-0.2,0.2,0.0,.000,-4.7,-1.1,-5.8,-0.2
Josh Smith,PF,32,NOP,3,12,3.5,.250,.000,.000,28.1,8.8,18.1,0.0,0.0,0.0,0.0,14.4,0.0,0.0,0.0,-0.016,-6.0,-7.4,-13.4,0.0
Tony Snell,SG,26,MIL,67,1849,8.8,.592,.625,.121,0.6,7.4,4.0,6.6,1.2,1.1,7.8,10.6,1.7,0.7,2.4,.061,-0.3,-1.3,-1.5,0.2
Marreese Speights,C,30,ORL,50,647,13.8,.541,.678,.158,3.4,18.8,11.1,9.4,0.5,2.7,9.4,26.9,0.2,0.5,0.6,.047,0.3,-3.1,-2.8,-0.1
Nik Stauskas,SG,24,TOT,35,428,8.7,.548,.675,.183,0.7,12.3,6.5,10.0,0.9,0.5,13.9,15.2,0.1,0.2,0.3,.031,-2.3,-1.7,-3.9,-0.2
Nik Stauskas,SG,24,PHI,6,45,0.9,.410,.250,.500,0.0,2.3,1.2,2.7,4.3,0.0,45.0,8.4,-0.1,0.1,0.0,-0.046,-7.4,2.5,-4.9,0.0
Nik Stauskas,SG,24,BRK,29,383,9.7,.553,.690,.172,0.8,13.5,7.1,10.9,0.5,0.6,12.0,16.0,0.2,0.2,0.3,.040,-1.7,-2.2,-3.8,-0.2
Lance Stephenson,SG,27,IND,75,1691,12.7,.506,.316,.173,3.7,21.3,12.6,18.7,1.3,0.7,15.3,21.7,-0.1,1.9,1.8,.050,-1.8,-0.1,-1.9,0.1
David Stockton,PG,26,UTA,1,3,7.0,1.136,,,0.0,0.0,0.0,0.0,0.0,0.0,53.2,28.3,0.0,0.0,0.0,.085,-6.9,-4.2,-11.1,0.0
Julyan Stone,SG,29,CHO,17,74,7.9,.595,1.000,.400,0.0,29.9,14.6,22.6,1.3,1.1,40.5,5.8,0.0,0.1,0.1,.081,-3.9,1.7,-2.2,0.0
Caleb Swanigan,PF,20,POR,21,148,6.8,.416,.130,.283,10.5,17.6,14.0,9.6,1.7,1.6,20.1,19.2,-0.3,0.2,0.0,-0.015,-5.8,0.8,-5.0,-0.1
Jayson Tatum,SF,19,BOS,75,2288,14.9,.586,.292,.308,2.3,15.8,9.2,8.0,1.6,2.1,11.0,19.3,2.7,3.8,6.5,.137,-0.8,1.6,0.8,1.6
Isaiah Taylor,PG,23,ATL,60,969,12.0,.519,.201,.432,2.2,7.2,4.7,26.4,1.5,0.9,15.7,19.3,0.6,0.4,1.0,.050,-2.3,-2.3,-4.6,-0.7
Jeff Teague,PG,29,MIN,65,2147,16.0,.547,.282,.298,1.2,9.2,5.2,30.6,2.2,0.8,16.7,20.3,3.0,1.3,4.2,.094,1.3,-1.4,-0.1,1.0
Mirza Teletovic,PF,32,MIL,10,159,13.5,.623,.789,.000,2.2,14.8,8.5,9.6,1.3,0.5,10.9,18.3,0.2,0.1,0.3,.091,1.6,-3.3,-1.7,0.0
Garrett Temple,SG,31,SAC,65,1615,10.2,.536,.477,.164,1.5,9.6,5.4,11.2,1.8,1.6,13.4,16.4,0.3,0.8,1.1,.031,-1.2,-0.7,-2.0,0.0
Milos Teodosic,PG,30,LAC,45,1134,11.6,.564,.644,.128,1.6,10.5,6.1,26.1,1.0,0.4,20.3,18.2,0.9,0.6,1.5,.062,0.7,-2.0,-1.3,0.2
Player,Pos,Age,Tm,G,MP,PER,TS%,3PAr,FTr,ORB%,DRB%,TRB%,AST%,STL%,BLK%,TOV%,USG%,OWS,DWS,WS,WS/48,OBPM,DBPM,BPM,VORP
Jason Terry,SG,40,MIL,43,675,8.1,.536,.750,.063,0.7,6.6,3.7,9.8,2.3,1.4,13.8,10.2,0.2,0.5,0.6,.044,-1.6,-0.8,-2.4,-0.1
Daniel Theis,C,25,BOS,63,936,16.1,.616,.249,.348,10.7,21.2,16.0,9.1,1.6,4.3,17.2,15.5,1.6,2.0,3.5,.180,-0.8,3.5,2.7,1.1
Isaiah Thomas,PG,28,TOT,32,862,12.5,.508,.447,.311,2.2,6.3,4.2,26.9,0.8,0.3,16.6,28.7,-0.1,0.3,0.1,.008,-0.9,-4.3,-5.2,-0.7
Isaiah Thomas,PG,28,CLE,15,406,12.3,.493,.448,.351,2.0,6.5,4.3,25.1,1.1,0.4,15.5,28.9,-0.2,0.1,-0.1,-0.010,-1.4,-4.4,-5.9,-0.4
Isaiah Thomas,PG,28,LAL,17,456,12.8,.520,.445,.278,2.3,6.1,4.2,28.5,0.6,0.2,17.5,28.6,0.0,0.2,0.2,.023,-0.5,-4.2,-4.7,-0.3
Lance Thomas,PF,29,NYK,68,1261,6.2,.516,.471,.204,3.6,10.4,7.0,4.3,1.1,1.0,13.0,10.4,0.2,0.6,0.8,.031,-2.1,-0.3,-2.5,-0.2
Klay Thompson,SG,27,GSW,66,2268,16.0,.602,.447,.087,1.4,10.5,6.3,11.6,1.0,1.2,9.5,23.1,3.1,1.7,4.8,.102,1.9,-2.2,-0.3,1.0
Tristan Thompson,C,26,CLE,46,963,13.7,.580,.000,.354,13.0,22.9,18.0,4.1,0.8,1.4,12.0,12.6,1.6,0.7,2.3,.114,-1.5,-0.8,-2.3,-0.1
Sindarius Thornwell,SG,23,LAC,66,1017,8.1,.526,.269,.391,3.1,10.1,6.6,6.7,2.1,1.8,16.0,11.7,0.1,0.9,1.0,.048,-2.6,1.2,-1.4,0.2
Anthony Tolliver,PF,32,DET,71,1492,12.7,.635,.784,.271,3.0,12.5,7.6,7.6,0.8,1.1,10.2,14.8,2.7,1.3,4.0,.129,1.5,-0.9,0.6,1.0
Karl-Anthony Towns,C,22,MIN,76,2690,25.0,.648,.246,.353,9.4,30.7,20.0,10.8,1.1,3.6,10.9,22.9,9.7,3.1,12.8,.228,4.4,1.1,5.5,5.1
P.J. Tucker,SF,32,HOU,75,2079,8.2,.534,.688,.147,4.7,17.7,11.2,4.4,1.8,0.9,13.8,10.3,0.8,2.7,3.6,.082,-1.4,1.6,0.1,1.1
Evan Turner,SF,29,POR,72,1830,9.6,.512,.215,.193,1.8,11.9,6.9,12.5,1.0,1.1,13.8,15.8,0.3,1.8,2.1,.054,-2.6,0.4,-2.1,-0.1
Myles Turner,C,21,IND,58,1666,17.5,.578,.240,.338,5.9,20.6,13.3,7.0,1.0,5.9,11.6,20.3,2.3,2.4,4.7,.135,-0.8,1.9,1.1,1.3
Ekpe Udoh,C,30,UTA,58,779,15.4,.566,.009,.470,9.4,11.4,10.4,9.2,2.7,7.9,12.6,9.2,1.3,1.7,3.0,.185,-1.2,6.9,5.7,1.5
Tyler Ulis,PG,22,PHO,65,1448,9.6,.460,.261,.176,1.4,6.6,4.0,26.7,2.0,0.3,17.4,18.0,-0.8,0.4,-0.4,-0.012,-3.1,-2.4,-5.5,-1.3
Jonas Valanciunas,C,25,TOR,71,1595,22.4,.633,.108,.323,11.9,30.5,21.4,7.7,0.9,3.2,13.3,22.5,4.3,2.7,7.0,.211,0.8,0.9,1.7,1.5
Denzel Valentine,SG,24,CHI,74,2034,12.4,.530,.513,.073,2.4,18.6,10.2,17.8,1.5,0.5,11.5,17.5,1.1,1.4,2.5,.060,-0.3,-0.1,-0.4,0.8
Fred VanVleet,PG,23,TOR,70,1414,16.0,.560,.473,.188,1.9,11.8,7.0,22.3,2.3,1.0,11.1,19.0,2.6,1.8,4.4,.151,1.9,0.2,2.1,1.5
Rashad Vaughn,SG,21,TOT,28,212,9.3,.546,.661,.107,1.6,9.9,5.8,8.7,1.2,1.2,9.3,13.8,0.1,0.1,0.2,.050,-1.9,-2.8,-4.7,-0.1
Rashad Vaughn,SG,21,MIL,22,173,11.1,.560,.700,.120,1.4,10.2,5.8,10.0,1.2,1.5,7.1,14.8,0.2,0.1,0.3,.074,-0.5,-2.8,-3.3,-0.1
Rashad Vaughn,SG,21,BRK,1,4,4.1,,,,0.0,0.0,0.0,31.7,0.0,0.0,,0.0,0.0,0.0,0.0,.104,-7.6,-8.4,-16.0,0.0
Rashad Vaughn,SG,21,ORL,5,35,1.1,.417,.333,.000,3.2,9.6,6.3,0.0,1.4,0.0,25.0,10.0,-0.1,0.0,-0.1,-0.073,-7.9,-2.5,-10.3,-0.1
Noah Vonleh,PF,22,TOT,50,794,12.8,.513,.263,.239,8.7,30.0,19.3,5.8,0.9,1.7,10.5,14.2,0.5,1.0,1.6,.095,-3.3,0.3,-3.0,-0.2
Noah Vonleh,PF,22,POR,33,476,12.0,.543,.063,.323,8.1,30.0,19.2,3.8,0.6,1.9,12.0,11.5,0.5,0.7,1.2,.117,-4.0,0.7,-3.3,-0.2
Noah Vonleh,PF,22,CHI,17,318,14.1,.486,.434,.168,9.4,30.0,19.4,8.7,1.4,1.4,9.0,18.3,0.1,0.3,0.4,.063,-2.3,-0.3,-2.6,0.0
Nikola Vucevic,C,27,ORL,51,1536,19.9,.546,.253,.108,6.6,26.8,16.7,19.2,1.6,2.7,11.5,26.0,1.4,1.9,3.3,.102,1.0,1.7,2.6,1.8
Player,Pos,Age,Tm,G,MP,PER,TS%,3PAr,FTr,ORB%,DRB%,TRB%,AST%,STL%,BLK%,TOV%,USG%,OWS,DWS,WS,WS/48,OBPM,DBPM,BPM,VORP
Dwyane Wade,SG,36,TOT,61,1406,15.6,.511,.164,.282,3.9,14.7,9.3,23.3,1.9,2.6,15.5,26.0,0.0,1.4,1.3,.045,-2.1,0.3,-1.8,0.1
Dwyane Wade,SG,36,CLE,46,1069,15.8,.519,.161,.308,4.1,14.7,9.5,23.3,1.9,2.6,15.7,24.3,0.4,0.9,1.2,.056,-1.7,0.3,-1.4,0.2
Dwyane Wade,SG,36,MIA,15,337,14.7,.491,.170,.220,3.0,14.8,8.9,23.2,1.8,2.8,14.9,31.4,-0.4,0.5,0.1,.009,-3.3,0.2,-3.0,-0.1
Dion Waiters,SG,26,MIA,30,918,10.5,.487,.415,.168,1.0,8.5,4.8,19.9,1.3,0.8,13.7,25.0,-0.7,0.8,0.1,.003,-2.1,-1.9,-4.0,-0.5
Kemba Walker,PG,27,CHO,74,2574,21.2,.574,.437,.309,1.2,8.9,5.0,27.9,1.7,0.8,9.9,27.8,6.5,2.0,8.6,.160,5.5,-1.7,3.8,3.8
John Wall,PG,27,WAS,37,1269,19.0,.511,.245,.366,1.8,9.9,5.9,43.0,1.9,2.9,15.9,29.0,1.1,1.3,2.4,.092,1.4,0.0,1.4,1.1
Tyrone Wallace,PG,23,LAC,23,628,11.5,.525,.145,.355,2.8,11.7,7.3,12.4,1.6,1.5,12.2,16.9,0.4,0.5,0.9,.069,-1.8,0.5,-1.3,0.1
Taurean Waller-Prince,SF,23,ATL,75,2274,12.4,.546,.467,.190,2.3,15.7,9.0,12.7,1.7,1.6,15.3,21.5,-0.2,1.7,1.5,.032,-1.0,0.0,-1.1,0.5
Derrick Walton,PG,22,MIA,15,142,11.5,.544,.708,.250,1.6,11.2,6.4,14.3,2.1,1.8,7.0,9.1,0.2,0.2,0.4,.131,-1.2,0.8,-0.4,0.1
Jameel Warney,PF,24,DAL,3,27,22.5,.599,.000,.417,16.0,21.2,18.6,0.0,0.0,0.0,6.6,25.6,0.1,0.0,0.1,.158,-3.1,-9.1,-12.2,-0.1
T.J. Warren,SF,24,PHO,65,2142,17.6,.541,.085,.240,6.1,10.6,8.3,7.2,1.5,1.5,6.7,24.9,2.7,0.8,3.4,.077,-0.1,-1.8,-2.0,0.0
Travis Wear,SF,27,LAL,13,172,9.8,.562,.719,.140,0.0,18.5,9.3,3.2,0.8,1.9,6.2,15.9,0.1,0.2,0.3,.089,-2.1,-1.9,-4.0,-0.1
James Webb,SF,24,BRK,9,108,2.5,.333,.810,.000,6.8,14.9,10.8,5.0,0.5,0.0,12.5,9.6,-0.1,0.0,-0.1,-0.030,-4.8,-1.2,-6.0,-0.1
Briante Weber,PG,25,TOT,18,237,10.1,.527,.256,.233,3.8,13.1,8.4,13.1,3.8,1.9,24.0,11.7,0.0,0.4,0.4,.074,-3.3,3.0,-0.3,0.1
Briante Weber,PG,25,HOU,13,118,11.0,.547,.409,.182,2.9,14.2,8.6,15.0,4.2,2.2,22.8,11.5,0.1,0.2,0.3,.120,-2.4,3.7,1.4,0.1
Briante Weber,PG,25,MEM,5,119,9.2,.508,.095,.286,4.8,11.9,8.3,11.2,3.4,1.6,25.3,12.0,-0.1,0.1,0.1,.028,-4.1,2.2,-1.9,0.0
David West,C,37,GSW,65,894,21.5,.610,.023,.208,7.8,18.9,13.8,20.2,2.2,6.3,16.4,21.9,1.7,1.6,3.3,.177,0.0,3.5,3.5,1.2
Russell Westbrook,PG,29,OKC,73,2642,24.9,.526,.192,.334,5.4,25.1,14.9,49.8,2.5,0.6,16.3,34.3,5.1,4.1,9.2,.167,5.2,3.0,8.1,6.7
Andrew White,SF,24,ATL,13,180,6.9,.502,.638,.069,2.5,13.8,8.1,3.3,0.5,0.5,9.1,16.0,-0.1,0.1,0.0,-0.010,-3.4,-3.2,-6.7,-0.2
Derrick White,PG,23,SAS,17,139,15.8,.646,.394,.606,4.0,16.8,10.4,9.3,1.5,1.8,12.6,15.4,0.3,0.2,0.5,.172,-0.1,0.6,0.5,0.1
Okaro White,PF,25,MIA,6,80,8.9,.577,.688,.188,4.2,11.3,7.8,3.5,0.6,1.1,5.5,10.3,0.1,0.1,0.2,.095,-1.5,-1.3,-2.9,0.0
Isaiah Whitehead,PG,22,BRK,16,180,11.6,.530,.209,.221,2.3,13.1,7.7,19.6,2.2,0.8,20.3,28.4,-0.3,0.2,-0.1,-0.034,-4.2,-1.3,-5.5,-0.2
Hassan Whiteside,C,28,MIA,47,1215,24.1,.582,.004,.335,14.1,37.6,25.8,6.5,1.5,5.5,13.0,24.5,2.0,2.7,4.7,.185,-2.2,2.1,-0.1,0.6
Andrew Wiggins,SF,22,MIN,76,2754,13.2,.513,.265,.250,3.0,10.6,6.8,7.8,1.5,1.5,9.0,23.6,0.6,1.3,2.0,.034,-0.9,-1.5,-2.5,-0.3
Player,Pos,Age,Tm,G,MP,PER,TS%,3PAr,FTr,ORB%,DRB%,TRB%,AST%,STL%,BLK%,TOV%,USG%,OWS,DWS,WS,WS/48,OBPM,DBPM,BPM,VORP
Jacob Wiley,PF,23,BRK,5,33,8.2,.410,.500,.500,6.4,29.3,17.7,8.0,1.5,0.0,0.0,6.4,0.0,0.0,0.1,.093,-3.9,0.9,-2.9,0.0
Damien Wilkins,SF,38,IND,19,152,4.9,.405,.462,.103,3.7,8.1,5.9,7.8,0.7,0.6,10.9,13.4,-0.1,0.1,-0.1,-0.018,-4.4,-2.0,-6.4,-0.2
Alan Williams,PF,25,PHO,2,35,2.3,.253,.000,.222,8.9,21.9,15.3,11.6,2.7,2.3,23.3,15.6,-0.1,0.0,-0.1,-0.119,-9.3,2.3,-7.0,0.0
C.J. Williams,SG,27,LAC,31,607,9.8,.534,.417,.095,2.0,6.2,4.2,6.9,2.2,1.8,9.8,13.8,0.3,0.5,0.8,.060,-1.1,0.3,-0.8,0.2
Derrick Williams,PF,26,LAL,2,9,-3.1,.250,.500,.000,0.0,11.8,5.9,0.0,0.0,0.0,0.0,18.8,0.0,0.0,0.0,-0.190,-11.5,-6.6,-18.1,0.0
Lou Williams,SG,31,LAC,74,2426,20.5,.577,.401,.366,1.7,6.8,4.3,26.9,1.6,0.6,13.3,29.9,5.3,1.4,6.7,.133,3.9,-2.6,1.3,2.0
Marvin Williams,PF,31,CHO,72,1867,13.0,.590,.535,.225,4.0,16.3,10.0,6.4,1.4,1.4,10.0,14.5,2.4,1.8,4.2,.109,0.5,0.5,1.0,1.4
Matt Williams,SG,24,MIA,3,11,-0.8,.417,.833,.000,0.0,10.3,5.1,0.0,0.0,0.0,14.3,28.7,-0.1,0.0,0.0,-0.200,-8.6,-8.7,-17.3,0.0
Troy Williams,SF,23,TOT,20,274,15.7,.540,.347,.267,8.2,15.8,12.0,7.7,3.4,1.3,13.1,20.7,0.1,0.4,0.5,.087,-0.1,0.4,0.3,0.2
Troy Williams,SF,23,HOU,4,17,-2.4,.242,.556,.333,6.7,19.7,13.3,8.5,2.9,0.0,8.8,29.3,-0.1,0.0,-0.1,-0.258,-11.5,-2.6,-14.1,-0.1
Troy Williams,SF,23,NYK,16,257,16.9,.570,.326,.261,8.3,15.5,11.9,7.7,3.5,1.4,13.5,20.1,0.3,0.3,0.6,.110,0.7,0.6,1.3,0.2
D.J. Wilson,PF,21,MIL,21,69,9.1,.638,.357,.143,1.7,13.6,7.7,6.2,1.4,1.2,21.2,12.4,0.0,0.0,0.1,.039,-3.5,-1.6,-5.1,-0.1
Jamil Wilson,SF,27,LAC,15,274,11.4,.634,.778,.049,1.2,11.4,6.4,5.2,0.9,2.4,8.8,14.3,0.4,0.2,0.6,.100,1.0,-0.9,0.1,0.1
Justise Winslow,SF,21,MIA,61,1479,11.4,.495,.270,.213,4.4,20.6,12.5,13.1,1.6,1.7,12.8,16.0,0.2,2.1,2.3,.075,-2.7,1.7,-1.0,0.4
Jeff Withey,C,27,DAL,9,39,8.3,.444,.625,.125,2.8,26.5,14.3,0.0,0.0,6.9,10.6,22.0,-0.1,0.1,0.0,-0.054,-9.0,-3.6,-12.7,-0.1
Nate Wolters,PG,26,UTA,5,19,-2.9,.167,.000,.000,6.0,5.9,6.0,7.2,0.0,0.0,0.0,14.2,-0.1,0.0,-0.1,-0.141,-10.3,-2.1,-12.5,-0.1
Brandan Wright,PF,30,TOT,28,381,19.0,.596,.000,.324,9.8,19.2,14.4,5.7,1.7,6.4,6.4,14.7,0.8,0.5,1.3,.166,-1.3,2.3,1.0,0.3
Brandan Wright,PF,30,MEM,27,366,19.4,.595,.000,.333,9.9,19.7,14.7,5.9,1.8,6.4,6.6,15.0,0.8,0.5,1.3,.167,-1.3,2.4,1.1,0.3
Brandan Wright,PF,30,HOU,1,15,11.2,.667,.000,.000,7.6,7.5,7.5,0.0,0.0,5.7,0.0,8.8,0.0,0.0,0.0,.156,-2.4,-0.6,-3.1,0.0
Delon Wright,PG,25,TOR,62,1286,16.8,.582,.349,.274,3.8,11.0,7.5,19.4,2.5,1.9,14.1,17.1,2.4,1.8,4.2,.155,1.4,1.5,2.9,1.6
Guerschon Yabusele,PF,22,BOS,29,175,10.5,.554,.674,.302,8.9,16.0,12.5,11.6,0.6,1.0,18.4,15.3,0.1,0.2,0.4,.102,-1.2,-0.2,-1.4,0.0
James Young,SG,22,PHI,6,61,4.6,.511,.714,.429,0.0,3.4,1.8,4.4,0.0,0.0,5.7,12.4,0.0,0.0,0.1,.040,-3.0,-3.7,-6.7,-0.1
Joe Young,PG,25,IND,50,520,10.2,.522,.351,.170,2.4,10.8,6.6,9.8,1.3,0.2,12.0,17.9,0.1,0.4,0.5,.046,-2.5,-2.2,-4.7,-0.4
Nick Young,SG,32,GSW,72,1212,10.8,.572,.668,.132,1.8,7.4,4.8,3.7,1.4,0.5,7.2,18.2,0.9,0.9,1.8,.070,0.2,-3.3,-3.2,-0.4
Player,Pos,Age,Tm,G,MP,PER,TS%,3PAr,FTr,ORB%,DRB%,TRB%,AST%,STL%,BLK%,TOV%,USG%,OWS,DWS,WS,WS/48,OBPM,DBPM,BPM,VORP
Thaddeus Young,PF,29,IND,75,2441,14.7,.530,.220,.100,7.7,13.9,10.8,8.6,2.6,1.3,10.6,17.2,2.0,3.1,5.1,.101,0.1,1.5,1.6,2.2
Cody Zeller,C,25,CHO,33,627,16.0,.602,.019,.545,11.3,19.4,15.3,7.4,1.1,2.8,14.6,15.7,1.2,0.7,1.9,.146,-0.7,1.3,0.6,0.4
Tyler Zeller,C,28,TOT,58,935,15.6,.586,.095,.231,10.6,19.4,15.0,6.4,0.6,2.5,11.4,17.1,1.5,0.7,2.2,.114,-1.5,-0.6,-2.1,0.0
Tyler Zeller,C,28,BRK,42,703,15.3,.587,.114,.262,9.3,20.0,14.6,6.5,0.6,2.2,12.1,17.9,1.0,0.5,1.5,.104,-1.9,-0.6,-2.4,-0.1
Tyler Zeller,C,28,MIL,16,232,16.6,.583,.030,.121,14.8,17.7,16.3,5.9,0.9,3.3,9.1,15.0,0.5,0.2,0.7,.144,-0.5,-0.8,-1.2,0.0
Paul Zipser,SF,23,CHI,54,824,5.2,.444,.470,.111,1.6,15.9,8.5,8.0,1.2,1.6,14.9,15.3,-1.2,0.5,-0.6,-0.036,-5.6,-0.4,-6.0,-0.8
Ante Zizic,C,21,CLE,28,184,23.5,.737,.000,.351,13.6,18.6,16.1,4.4,0.3,6.0,13.2,18.2,0.7,0.2,0.8,.219,1.0,-0.7,0.3,0.1
Ivica Zubac,C,20,LAL,35,266,13.8,.565,.000,.462,10.4,20.0,15.2,7.0,0.9,2.4,17.6,18.1,0.2,0.3,0.5,.094,-3.9,-0.3,-4.2,-0.1
